Date,Positive_nlikes,Positive_nreplies,Positive_nretweets,Negative_nlikes,Negative_nreplies,Negative_nretweets,Neutral_nlikes,Neutral_nreplies,Neutral_nretweets,Positive tweets,Negative tweets,Neutral tweets
2015-10-01,31.972789115646258,14.739229024943311,53.28798185941043,34.3313373253493,10.778443113772456,54.89021956087824,32.22336065573771,12.295081967213115,55.48155737704918,28.91167714191201,19.28547800198478,51.802844856103206
2015-10-02,40.95788604459125,11.560693641618498,47.48142031379026,31.518817204301076,9.13978494623656,59.34139784946237,28.13231850117096,8.899297423887587,62.968384074941454,26.28409493446688,18.597236981934113,55.118668083599005
2015-10-03,39.58221746116765,8.194965184788432,52.22281735404392,33.84321223709369,10.898661567877628,55.25812619502868,24.679943100995732,6.756756756756757,68.56330014224751,21.784897025171624,15.194508009153319,63.02059496567506
2015-10-04,30.786445012787723,4.5076726342711,64.70588235294117,45.13853904282116,7.858942065491184,47.00251889168766,33.48183687457163,8.636052090472926,57.88211103495545,21.428571428571427,21.103896103896105,57.467532467532465
2015-10-05,35.294117647058826,9.757785467128027,54.94809688581315,16.886377903327055,6.151914626490898,76.96170747018205,33.770161290322584,8.602150537634408,57.62768817204301,24.980443285528033,16.453715775749675,58.565840938722296
2015-10-06,25.098135426889108,11.113837095191364,63.78802747791953,37.35294117647059,6.715686274509804,55.931372549019606,28.94736842105263,14.172932330827068,56.8796992481203,30.499202188283565,15.545931160246182,53.954866651470255
2015-10-07,25.431207380665864,4.071399919775371,70.49739269955876,31.925465838509318,11.677018633540373,56.39751552795031,34.36965202509983,9.355390758699372,56.2749572162008,29.381252315672473,18.59948128936643,52.01926639496109
2015-10-08,36.68254655695106,12.776093546990039,50.5413598960589,29.59641255605381,14.200298953662182,56.20328849028401,23.96294804671768,6.685461135722916,69.3515908175594,30.804668304668304,18.028255528255528,51.16707616707617
2015-10-09,35.08771929824562,11.867905056759547,53.04437564499484,18.75,12.36413043478261,68.88586956521739,33.67088607594937,11.20253164556962,55.12658227848101,28.029465930018418,15.469613259668508,56.500920810313076
2015-10-10,39.44174757281554,11.771844660194175,48.786407766990294,36.141304347826086,14.673913043478262,49.18478260869565,29.27689594356261,12.610229276895943,58.11287477954145,26.480836236933797,18.67595818815331,54.84320557491289
2015-10-11,33.687002652519894,16.97612732095491,49.3368700265252,38.141809290953546,12.836185819070904,49.02200488997555,30.32994923857868,11.738578680203046,57.931472081218274,29.042485732403296,18.072289156626507,52.8852251109702
2015-10-12,32.470826991374935,9.081684424150177,58.44748858447488,36.78792038435141,8.236101578586135,54.975978037062454,34.306116113008386,10.52468177584601,55.16920211114561,24.88759587410738,21.3171118751653,53.79529225072732
2015-10-13,39.68095712861416,7.627118644067797,52.69192422731805,25.201612903225808,9.005376344086022,65.79301075268818,28.98598516075845,9.678483099752679,61.33553173948887,29.292149292149293,16.833976833976834,53.873873873873876
2015-10-14,36.18090452261306,7.400639561443581,56.418455915943355,32.142857142857146,14.423076923076923,53.434065934065934,34.42757488715634,14.526056627000411,51.04636848584325,26.602254428341386,18.55072463768116,54.847020933977454
2015-10-15,39.636913767019664,7.7155824508320725,52.64750378214826,22.44668911335578,12.457912457912458,65.09539842873176,31.732616212063004,10.872070687668076,57.39531310026892,27.114002054091063,16.775077028414927,56.110920917494006
2015-10-16,31.94122196442382,12.993039443155453,55.06573859242073,29.827315541601255,16.797488226059656,53.37519623233909,30.345086271567894,8.702175543885971,60.952738184546135,23.676651620845302,20.640131308986458,55.68321707016824
2015-10-17,29.93421052631579,9.407894736842104,60.6578947368421,25.868725868725868,12.548262548262548,61.58301158301158,16.525567219776498,5.722993565865222,77.75143921435829,20.856269113149846,18.04281345565749,61.10091743119266
2015-10-18,19.836214740673338,9.372156505914468,70.7916287534122,31.57894736842105,11.8796992481203,56.54135338345865,23.92241379310345,11.314655172413794,64.76293103448276,26.639552618200305,17.89527198779868,55.465175394001015
2015-10-19,35.6838905775076,12.218844984802432,52.09726443768997,31.358885017421603,7.944250871080139,60.69686411149826,30.38728897715988,8.937437934458789,60.67527308838133,22.201946472019465,14.963503649635037,62.8345498783455
2015-10-20,37.81931464174455,10.59190031152648,51.58878504672897,33.702737940026076,11.538461538461538,54.758800521512384,34.045904590459045,9.405940594059405,56.548154815481546,31.357289997711145,13.206683451590752,55.4360265506981
2015-10-21,32.07644628099174,12.861570247933884,55.06198347107438,33.64485981308411,14.103653355989804,52.25148683092608,31.234096692111958,9.192111959287532,59.57379134860051,25.75474218541277,17.152017098584025,57.09324071600321
2015-10-22,32.68312101910828,10.35031847133758,56.96656050955414,31.92552225249773,8.310626702997276,59.763851044504996,31.28584364624208,9.568367038937518,59.145789314820405,23.821113477334954,17.858229388500153,58.32065713416489
2015-10-23,30.540376442015788,10.625379477838495,58.83424408014572,38.13682678311499,9.8981077147016,51.96506550218341,29.52238805970149,8.955223880597014,61.52238805970149,23.193916349809886,15.105426892499136,61.70065675769098
2015-10-24,30.11844331641286,15.05922165820643,54.82233502538071,31.890660592255124,11.389521640091116,56.71981776765376,32.5,12.941176470588236,54.55882352941177,27.30706961683756,14.516999460334592,58.175930922827845
2015-10-25,20.58613295210865,15.582558970693352,63.831308077197995,31.499051233396585,11.574952561669829,56.92599620493359,22.174840085287848,10.277185501066098,67.54797441364606,24.473813020068526,16.789035731767008,58.737151248164466
2015-10-26,32.91925465838509,9.394409937888199,57.68633540372671,33.1338818249813,9.274495138369485,57.59162303664922,35.00858053444472,8.678597695513606,56.31282177004168,21.339563862928348,23.39563862928349,55.26479750778816
2015-10-27,29.94865944095836,9.982886480319452,60.06845407872219,32.081686429512516,9.815546772068512,58.10276679841897,15.809344030202926,6.66981280478213,77.52084316501494,22.650130548302872,16.710182767624023,60.639686684073105
2015-10-28,26.63921444409249,7.348748812163446,66.01203674374406,26.926829268292682,9.609756097560975,63.46341463414634,32.44400527009223,7.971014492753623,59.58498023715415,21.13798790544255,16.025288620120946,62.8367234744365
2015-10-29,29.851439182915506,9.052924791086351,61.09563602599814,28.418451400329488,10.461285008237232,61.12026359143328,26.28687102371313,8.415268941584731,65.29786003470214,24.142083082480433,19.38591210114389,56.47200481637568
2015-10-30,33.241252302025785,16.85082872928177,49.90791896869245,34.04029692470838,10.710498409331919,55.2492046659597,24.022140221402214,7.453874538745388,68.5239852398524,22.503201024327783,15.492957746478874,62.00384122919334
2015-10-31,30.0,14.098360655737705,55.90163934426229,35.83815028901734,10.693641618497109,53.46820809248555,24.088669950738915,8.719211822660098,67.19211822660098,21.831453218314532,17.319177173191772,60.849369608493696
2015-11-01,44.01556925072981,7.492701913720402,48.491728835549786,26.845637583892618,10.258868648130393,62.89549376797699,21.213954426295626,7.541843113530954,71.24420246017343,25.013361838588988,15.018706574024586,59.967931587386424
2015-11-02,35.88593399551426,4.149311118231336,59.964754886254404,33.43051506316812,14.188532555879494,52.38095238095238,26.49315982649316,9.042375709042375,64.46446446446447,31.159135559921413,15.638506876227899,53.20235756385069
2015-11-03,32.31732776617954,9.519832985386222,58.16283924843424,29.1,11.3,59.6,28.69022869022869,8.286308286308286,63.02346302346302,36.51326839099765,17.50083977158213,45.98589183742022
2015-11-04,28.431372549019606,5.580693815987933,65.98793363499246,29.48188904172398,8.069692801467216,62.448418156808806,28.378131285426953,6.820259645273359,64.80160906929969,20.656279508970727,14.872521246458923,64.47119924457034
2015-11-05,34.39077144917087,11.679884643114637,53.92934390771449,17.298937784522003,6.626201315123925,76.07486090035407,30.775018811136192,8.026084775520442,61.19889641334336,20.754129012153317,13.244001246494236,66.00186974135245
2015-11-06,39.80128579777907,12.916423144360023,47.2822910578609,26.72322375397667,8.059384941675503,65.21739130434783,28.7468671679198,7.318295739348371,63.93483709273183,23.405880106911034,13.287514318442154,63.30660557464681
2015-11-07,29.15811088295688,11.396303901437372,59.445585215605746,28.063241106719367,10.276679841897232,61.6600790513834,28.35458409228901,10.018214936247723,61.62720097146327,27.35042735042735,14.423076923076923,58.22649572649573
2015-11-08,33.36199484092863,11.693895098882201,54.94411006018917,31.944444444444443,9.722222222222221,58.333333333333336,27.936962750716333,15.830945558739256,56.232091690544415,25.05822077317187,19.329296693060083,55.61248253376805
2015-11-09,33.192144782441275,8.16326530612245,58.64458991143627,28.718300205620288,9.664153529814941,61.61754626456477,29.10003135779241,10.66164941988084,60.23831922232675,25.514519312094727,15.280518748237947,59.20496193966733
2015-11-10,29.163705283108268,8.67093105899076,62.16536365790097,27.34375,12.152777777777779,60.50347222222222,27.7819083023544,8.773234200743495,63.44485749690211,29.508618471829173,12.271674813480834,58.21970671468999
2015-11-11,33.22981366459627,8.462732919254659,58.307453416149066,27.479091995221026,12.783751493428912,59.73715651135006,31.269614835948644,9.728958630527817,59.001426533523535,19.53038674033149,21.96132596685083,58.50828729281768
2015-11-12,42.55346896191966,8.124673969744393,49.321857068335945,34.5443536179231,6.145927944293067,59.309718437783836,38.39530630905212,7.26150563852484,54.343188052423045,23.692602040816325,10.283801020408163,66.02359693877551
2015-11-13,40.80325960419092,9.60419091967404,49.59254947613504,31.97463768115942,11.141304347826088,56.88405797101449,34.319077949651195,4.686078252957234,60.99484379739157,21.47788289440041,16.59422142674508,61.92789567885451
2015-11-14,44.94505494505494,10.10989010989011,44.94505494505494,34.98583569405099,9.419263456090652,55.594900849858355,36.12879071508798,8.798202920254587,55.07300636465743,17.756142790913305,21.279554937413074,60.964302271673624
2015-11-15,27.232142857142858,10.56547619047619,62.20238095238095,30.56872037914692,15.402843601895734,54.02843601895734,27.99736495388669,12.450592885375494,59.55204216073781,22.46879334257975,15.672676837725382,61.858529819694866
2015-11-16,38.837516512549534,13.474240422721268,47.68824306472919,36.462093862815884,11.28158844765343,52.25631768953068,31.54609929078014,12.141843971631205,56.312056737588655,27.656423546834507,16.808589411329137,55.53498704183636
2015-11-17,34.5266507557677,8.353221957040573,57.12012728719173,33.67477592829705,13.444302176696542,52.8809218950064,32.462739531582685,8.076650106458482,59.460610361958835,25.055025678650036,14.34336023477623,60.60161408657373
2015-11-18,35.833968012185835,9.596344249809597,54.56968773800457,31.513903192584962,9.474768280123584,59.011328527291454,38.68352788586252,8.138780804150453,53.17769130998703,24.09545804464973,19.130100076982295,56.77444187836797
2015-11-19,38.49908480780964,14.643075045759609,46.85784014643075,32.733224222585925,8.592471358428805,58.67430441898527,23.99520894330583,4.924141602342295,71.08064945435187,19.177688326624498,19.20644048303623,61.61587119033928
2015-11-20,35.46153846153846,8.692307692307692,55.84615384615385,29.141104294478527,13.496932515337424,57.36196319018405,35.4387452310301,6.35862653666808,58.20262823230182,26.318045435062153,17.916845263609087,55.76510930132876
2015-11-21,23.976109215017065,9.726962457337883,66.29692832764505,31.73076923076923,19.871794871794872,48.3974358974359,31.511952809686434,5.029493945979509,63.458553244334055,28.086600351082506,15.389116442363955,56.52428320655354
2015-11-22,36.76341248900616,15.127528583992964,48.10905892700088,38.4083044982699,9.342560553633218,52.24913494809689,30.849727919631643,9.627459187944746,59.52281289242361,32.171945701357465,13.484162895927602,54.34389140271493
2015-11-23,33.51598173515982,12.907153729071537,53.57686453576864,28.67579908675799,9.223744292237443,62.10045662100457,33.813559322033896,9.110169491525424,57.07627118644068,23.650568181818183,15.873579545454545,60.47585227272727
2015-11-24,21.8804920913884,5.492091388400703,72.6274165202109,43.042071197411005,12.459546925566343,44.49838187702265,27.150239940937617,7.936507936507937,64.91325212255445,21.573795180722893,13.667168674698795,64.75903614457832
2015-11-25,39.18269230769231,9.254807692307692,51.5625,30.70362473347548,11.620469083155651,57.67590618336887,27.419354838709676,6.1986084756483235,66.38203668564199,24.43465491923642,16.093979441997064,59.47136563876652
2015-11-26,33.97212543554007,14.924506387921022,51.10336817653891,37.628865979381445,15.335051546391753,47.0360824742268,36.265398746488,9.790360925005404,53.944240328506595,24.939983995732195,15.337423312883436,59.72259269138437
2015-11-27,35.73298429319372,10.405759162303665,53.861256544502616,35.11269276393831,8.778173190984578,56.109134045077106,36.291957648118945,10.745663437711196,52.96237891416986,21.50706436420722,13.343799058084773,65.149136577708
2015-11-28,58.06182121971596,9.147869674185463,32.79030910609858,34.04255319148936,18.67612293144208,47.28132387706856,29.160789844851905,9.732016925246826,61.10719322990127,20.25,16.541666666666668,63.208333333333336
2015-11-29,36.56024716786818,15.653964984552008,47.78578784757981,34.18803418803419,6.508875739644971,59.30309007232084,34.06340057636888,10.028818443804035,55.90778097982709,21.77609825224374,16.391119508738782,61.832782239017476
2015-11-30,36.62100456621005,9.771689497716896,53.60730593607306,32.06997084548105,10.00971817298348,57.92031098153547,33.303390972378175,10.352571300247025,56.344037727374804,30.513679508654384,14.517029592406477,54.96929089893914
2015-12-01,34.50255102040816,11.543367346938776,53.954081632653065,40.342717258261935,7.858017135862913,51.799265605875156,34.701492537313435,11.81592039800995,53.482587064676615,26.43847742696961,13.219238713484804,60.34228385954559
2015-12-02,43.17264307765377,7.587271431963904,49.240085490382334,44.34017595307918,6.432062561094819,49.227761485826,37.88968824940048,9.457434052757794,52.652877697841724,21.676631471822922,18.649026841368784,59.6743416868083
2015-12-03,41.0659509202454,11.1579754601227,47.7760736196319,48.9727240524265,10.201912858660998,40.8253630889125,32.32765612327656,7.980535279805353,59.69180859691809,22.333275891780115,23.608478373255213,54.05824573496467
2015-12-04,30.3842504743833,6.997153700189753,62.618595825426944,38.05309734513274,14.15929203539823,47.78761061946903,29.9728576967817,10.430399379604498,59.5967429236138,27.383939774153074,21.267252195734002,51.34880803011292
2015-12-05,37.63376932223544,6.896551724137931,55.469678953626634,42.344497607655505,8.492822966507177,49.16267942583732,33.21318228630278,9.114315139031925,57.672502574665295,23.583877995642702,19.77124183006536,56.64488017429194
2015-12-06,39.728813559322035,11.728813559322035,48.54237288135593,30.53545586107091,15.48480463096961,53.97973950795948,29.545454545454547,10.965909090909092,59.48863636363637,22.055674518201286,25.910064239828692,52.03426124197002
2015-12-07,35.301587301587304,12.571428571428571,52.12698412698413,29.83490566037736,10.25943396226415,59.905660377358494,37.42932529212212,8.292499057670561,54.27817565020731,24.28874734607219,15.116772823779193,60.59447983014862
2015-12-08,39.553903345724905,13.680297397769516,46.765799256505574,38.530066815144764,11.35857461024499,50.11135857461024,40.93637454981993,9.003601440576231,50.06002400960384,23.185100722158875,18.890155834283544,57.92474344355758
2015-12-09,41.76136363636363,11.789772727272727,46.44886363636363,34.79212253829321,13.347921225382931,51.85995623632385,37.187415972035495,7.47512772250605,55.33745630545846,20.56100981767181,13.464235624123422,65.97475455820476
2015-12-10,44.597384721266344,6.658637302133517,48.743977976600135,37.2785258681786,9.000708717221828,53.720765414599576,37.00153374233129,10.103527607361963,52.89493865030675,22.71695972773681,17.328417470221215,59.954622802041975
2015-12-11,33.225806451612904,10.10752688172043,56.666666666666664,33.39382940108893,17.422867513611614,49.18330308529946,26.05537902859737,9.260099863822061,64.68452110758057,25.587044534412957,14.493927125506072,59.91902834008097
2015-12-12,29.228173766343314,10.54407423028258,60.22775200337411,32.93172690763052,11.646586345381525,55.42168674698795,21.89134808853119,10.583501006036217,67.5251509054326,18.448098663926,13.720452209660843,67.83144912641316
2015-12-13,15.725116165321595,4.8911714355588165,79.38371239911959,35.2589641434263,19.12350597609562,45.61752988047809,36.04617604617604,8.715728715728716,55.23809523809524,28.528006947459836,13.02648719062093,58.44550586191924
2015-12-14,29.83666061705989,8.82032667876588,61.34301270417423,39.125295508274235,9.21985815602837,51.6548463356974,28.11376266753841,8.303367113435764,63.58287021902583,24.393939393939394,13.56060606060606,62.04545454545455
2015-12-15,31.307420494699645,10.530035335689046,58.16254416961131,18.71968962172648,7.371483996120271,73.90882638215325,26.706096451319382,7.461328480436761,65.83257506824386,24.33202707516922,13.216957605985037,62.45101531884574
2015-12-16,27.870563674321502,5.532359081419624,66.59707724425887,36.45699614890886,12.195121951219512,51.34788189987163,14.143612060926328,3.574759092322039,82.28162884675163,21.569212410501194,16.348448687350835,62.082338902147974
2015-12-17,11.552298467688209,2.811459027315123,85.63624250499667,28.217821782178216,9.405940594059405,62.37623762376238,7.724016759021489,2.2976077848357885,89.97837545614273,25.438991445294914,16.479063484916704,58.08194506978838
2015-12-18,10.334908567906307,2.60941031436203,87.05568111773167,30.486685032139576,7.805325987144169,61.70798898071625,12.094557449147883,2.473886750962067,85.43155579989005,24.93388741972044,25.878352852285605,49.18775972799396
2015-12-19,5.919003115264798,2.2919448153093014,91.7890520694259,13.975903614457831,4.9156626506024095,81.10843373493977,16.86402613311556,5.8799510004083295,77.25602286647612,17.01340730466944,47.295423023578365,35.6911696717522
2015-12-20,7.907488986784141,2.356828193832599,89.73568281938326,27.82608695652174,11.08695652173913,61.08695652173913,25.53475935828877,7.4866310160427805,66.97860962566845,24.833333333333332,28.38888888888889,46.77777777777778
2015-12-21,29.70149253731343,8.059701492537313,62.23880597014925,30.303030303030305,12.662337662337663,57.03463203463203,16.6270783847981,4.815374649103865,78.55754696609803,16.80405833861763,33.576410906785036,49.619530754597335
2015-12-22,28.8135593220339,7.909604519774011,63.27683615819209,29.925187032418954,13.46633416458853,56.60847880299252,4.393920823630347,1.2133839931364139,94.39269518323324,20.27736131934033,14.842578710644677,64.880059970015
2015-12-23,29.67032967032967,10.204081632653061,60.12558869701727,26.23097582811101,10.384959713518352,63.38406445837064,11.614984764294677,4.875425703531099,83.50958953217423,18.254637436762227,22.133220910623947,59.61214165261383
2015-12-24,38.287153652392945,12.846347607052897,48.86649874055416,34.7394540942928,10.66997518610422,54.59057071960298,22.905718701700156,7.14064914992272,69.95363214837712,13.744588744588745,13.474025974025974,72.78138528138528
2015-12-25,30.174927113702623,4.956268221574344,64.86880466472303,26.373626373626372,9.157509157509157,64.46886446886447,22.34234234234234,7.117117117117117,70.54054054054055,24.441340782122904,15.64245810055866,59.91620111731844
2015-12-26,20.211161387631975,7.239819004524887,72.54901960784314,35.36036036036036,10.698198198198199,53.94144144144144,14.710654407787993,3.650621957815035,81.63872363439697,21.951219512195124,19.91869918699187,58.13008130081301
2015-12-27,19.293974437005478,6.0255629945222156,74.68046256847231,36.43659711075441,11.235955056179776,52.32744783306581,23.95017793594306,7.97153024911032,68.07829181494662,26.438188494492046,17.01346389228886,56.54834761321909
2015-12-28,42.993951612903224,9.879032258064516,47.127016129032256,32.231404958677686,12.396694214876034,55.37190082644628,20.618882222923904,5.336280391537733,74.04483738553836,18.486997635933808,15.933806146572104,65.57919621749409
2015-12-29,34.53333333333333,12.8,52.666666666666664,28.02124833997344,9.296148738379815,62.68260292164675,21.6875,5.21875,73.09375,21.490231712857792,10.722398909586552,67.78736937755566
2015-12-30,39.722863741339495,13.625866050808314,46.65127020785219,29.931506849315067,6.8493150684931505,63.21917808219178,32.859848484848484,8.664772727272727,58.47537878787879,16.1019792016102,18.584367661858437,65.31365313653137
2015-12-31,39.85239852398524,11.623616236162361,48.5239852398524,23.290203327171906,12.569316081330868,64.14048059149722,30.96680397383087,9.15919554155561,59.87400048461352,19.004329004329005,22.424242424242426,58.57142857142857
2016-01-01,41.07883817427386,15.076071922544951,43.84508990318119,35.60042507970245,14.665249734325187,49.73432518597237,30.671296296296298,20.949074074074073,48.379629629629626,24.62686567164179,18.99592944369064,56.37720488466757
2016-01-02,32.59958071278826,10.90146750524109,56.498951781970646,33.86183465458664,11.211778029445073,54.92638731596829,27.557058326289095,7.6923076923076925,64.75063398140321,18.354430379746834,18.860759493670887,62.78481012658228
2016-01-03,30.913216108905274,7.090187180941577,61.99659671015315,28.285077951002226,9.799554565701559,61.915367483296215,27.126254622292656,9.270998415213946,63.6027469624934,14.504347826086956,15.2,70.29565217391304
2016-01-04,21.500798296966472,7.131452900478978,71.36774880255454,22.203196347031962,8.162100456621005,69.63470319634703,23.036876355748372,6.5292841648590025,70.43383947939263,23.587223587223587,20.32292032292032,56.08985608985609
2016-01-05,36.18864292589028,10.53897978825794,53.27237728585178,36.50920736589271,11.529223378702962,51.96156925540432,37.39606126914661,11.225382932166301,51.37855579868709,20.543093270365997,12.662337662337663,66.79456906729634
2016-01-06,37.31843575418994,10.614525139664805,52.06703910614525,33.66583541147132,9.351620947630924,56.98254364089775,32.55365324330842,8.897998553170966,58.54834820352062,23.138086403392524,22.76702888947787,54.09488470712961
2016-01-07,35.45688545688546,10.939510939510939,53.6036036036036,31.32183908045977,9.626436781609195,59.05172413793103,30.21472392638037,10.341805433829974,59.44347063978966,22.86075149984212,18.94537417113988,58.193874329018
2016-01-08,37.181409295352324,11.76911544227886,51.049475262368816,39.97584541062802,13.647342995169081,46.3768115942029,33.89563652721547,7.219973009446694,58.88439046333783,27.186858316221766,14.784394250513348,58.02874743326489
2016-01-09,29.270248596631916,13.712910986367282,57.0168404170008,37.77239709443099,17.19128329297821,45.0363196125908,24.323621227887617,5.723204994797086,69.9531737773153,24.837662337662337,14.772727272727273,60.38961038961039
2016-01-10,26.63671373555841,10.783055198973042,62.58023106546855,31.80327868852459,17.37704918032787,50.81967213114754,31.693735498839906,11.090487238979119,57.21577726218097,27.786499215070645,18.78597592883307,53.427524856096284
2016-01-11,31.335898845519516,5.937328202308961,62.72677295217152,28.820116054158607,8.317214700193423,62.86266924564797,34.64596743657705,7.118515713744793,58.23551684967815,24.163295329165134,23.758734828981243,52.07796984185362
2016-01-12,26.913066111400312,9.370119729307651,63.716814159292035,32.77661795407098,12.31732776617954,54.906054279749476,26.272189349112427,5.325443786982248,68.40236686390533,40.83431257344301,16.509988249118685,42.65569917743831
2016-01-13,29.66360856269113,5.466360856269113,64.87003058103976,36.657303370786515,11.797752808988765,51.54494382022472,34.29256594724221,10.647482014388489,55.0599520383693,31.25,17.7734375,50.9765625
2016-01-14,42.25878833208676,11.219147344801796,46.522064323111444,30.425299890948747,13.95856052344602,55.61613958560523,36.30245447347585,11.480601741884403,52.216943784639746,20.089714834988786,26.529958346683756,53.38032681832746
2016-01-15,36.67736757624398,13.242375601926163,50.080256821829856,32.402234636871505,8.752327746741155,58.845437616387336,22.352448723315195,9.836751778987024,67.81079949769779,28.955375253549697,14.959432048681542,56.08519269776876
2016-01-16,27.24341751746373,7.6303062869425045,65.12627619559376,37.41610738255034,11.912751677852349,50.671140939597315,31.43100511073254,6.005110732538331,62.56388415672913,27.802197802197803,17.52747252747253,54.67032967032967
2016-01-17,37.386804657179816,17.72315653298836,44.89003880983182,25.93774940143655,11.971268954509178,62.09098164405427,26.17593158216249,8.032987171655467,65.79108124618205,19.79358643568006,17.397714706966457,62.808698857353484
2016-01-18,47.18291054739653,13.137516688918558,39.67957276368492,46.38419878942339,14.84549219496655,38.77030901561007,33.6,12.025806451612903,54.3741935483871,25.185722051096214,17.376336292806666,57.43794165609712
2016-01-19,41.45597210113339,11.02877070619006,47.51525719267655,45.514511873350926,7.717678100263853,46.76781002638523,28.40050377833753,5.8144416456759025,65.78505457598656,24.381946019505556,14.833295531866636,60.784758448627805
2016-01-20,37.136819862651876,10.618066561014263,52.245113576333864,38.121047877145436,8.76242095754291,53.116531165311656,26.590389016018307,9.244851258581235,64.16475972540046,25.53081305023304,14.785085447954428,59.684101501812535
2016-01-21,37.316957959376474,10.675484175720358,52.00755786490316,32.95853829936753,12.86015460295151,54.18130709768096,38.46737481031867,7.814871016691957,53.71775417298938,27.392344497607656,17.79306220095694,54.81459330143541
2016-01-22,35.646687697160885,10.157728706624606,54.19558359621451,28.853564547206165,5.250481695568401,65.89595375722543,28.10996563573883,7.376861397479955,64.51317296678121,27.002670226969293,18.457943925233646,54.539385847797064
2016-01-23,40.44117647058823,10.906862745098039,48.65196078431372,34.10852713178294,16.472868217054263,49.41860465116279,30.425752855659397,5.538248528902734,64.03599861543786,24.392935982339957,19.205298013245034,56.40176600441501
2016-01-24,26.893203883495147,8.106796116504855,65.0,30.496108949416342,5.739299610894942,63.764591439688715,29.863344051446944,15.635048231511254,54.5016077170418,23.61733931240658,13.527653213751869,62.85500747384155
2016-01-25,31.989817564700893,10.436996181586762,57.57318625371234,31.48854961832061,9.16030534351145,59.35114503816794,31.03754064439846,14.957138634348212,54.00532072125333,21.745454545454546,16.55757575757576,61.696969696969695
2016-01-26,27.22809667673716,8.157099697885196,64.61480362537765,27.182866556836903,11.641954969796815,61.17517847336628,29.741000877963124,17.42756804214223,52.83143107989464,28.181557023843723,20.281528296466533,51.536914679689744
2016-01-27,37.899013348810215,8.705745792222867,53.395240858966915,33.36113427856547,11.592994161801501,55.04587155963303,35.469011725293136,6.78391959798995,57.74706867671692,24.30751837196156,18.937252685132844,56.755228942905596
2016-01-28,36.869851729818784,7.347611202635914,55.782537067545306,33.27645051194539,11.348122866894197,55.37542662116041,34.45319740500464,11.399443929564411,54.14735866543096,20.459016393442624,12.262295081967213,67.27868852459017
2016-01-29,36.477201748906936,9.119300437226734,54.40349781386633,31.980374665477253,11.239964317573595,56.779661016949156,35.27909522072236,8.537030280919373,56.183874498358264,24.825662482566248,16.736401673640167,58.43793584379358
2016-01-30,36.80203045685279,13.197969543147208,50.0,39.59827833572454,14.49067431850789,45.91104734576758,36.80555555555556,12.847222222222221,50.34722222222222,25.572755417956657,20.681114551083592,53.746130030959755
2016-01-31,31.092436974789916,12.436974789915967,56.470588235294116,33.08733087330873,10.947109471094711,55.96555965559656,30.89254766031196,11.395147313691508,57.712305025996535,20.49875311720698,18.703241895261847,60.79800498753117
2016-02-01,35.83093179634967,13.544668587896254,50.62439961575408,29.972183588317108,9.179415855354659,60.84840055632824,33.56923076923077,10.061538461538461,56.36923076923077,26.497461928934012,15.634517766497462,57.868020304568525
2016-02-02,38.65802516202821,9.226077011056043,52.11589782691575,40.69364161849711,14.335260115606937,44.971098265895954,34.35513169845595,9.33242506811989,56.31244323342416,27.55240947454397,12.932208004356113,59.515382521099916
2016-02-03,36.88054251434533,13.562858633281168,49.5565988523735,38.20662768031189,8.122157244964262,53.67121507472385,31.2635521387739,10.959984230238518,57.77646363098758,22.588360350783947,21.844273186287538,55.56736646292851
2016-02-04,37.26851851851852,8.194444444444445,54.53703703703704,32.333333333333336,12.11111111111111,55.55555555555556,33.946772366930915,10.900339750849378,55.15288788221971,24.851450541768614,16.35791681230339,58.790632645928
2016-02-05,36.55984303466318,15.173315892740353,48.26684107259647,38.84418434528164,9.80248719824433,51.35332845647403,35.417308284570375,9.239297813366184,55.34339390206344,24.055092889173608,25.688661114670083,50.25624599615631
2016-02-06,38.59126984126984,11.11111111111111,50.29761904761905,23.391215526046988,5.771195097037793,70.83758937691522,25.81511315688531,7.633294975067127,66.55159186804757,23.962368566685115,15.993359158826784,60.0442722744881
2016-02-07,27.011896431070678,9.447165850244927,63.5409377186844,30.267558528428093,13.879598662207357,55.852842809364546,29.480840543881335,9.023485784919654,61.495673671199015,29.159978598180846,16.158373461744247,54.6816479400749
2016-02-08,35.589171974522294,14.331210191082803,50.0796178343949,34.24657534246575,17.247820672478205,48.50560398505604,33.323262839879156,15.317220543806647,51.3595166163142,20.712065555241594,14.55213337100876,64.73580107374964
2016-02-09,34.31922488526262,12.901580826109129,52.779194288628254,36.779324055666,7.8860172299536115,55.33465871438038,30.967741935483872,8.911290322580646,60.12096774193548,26.96938424492604,19.023047815617474,54.007567939456486
2016-02-10,30.61435209086216,9.499225606608157,59.88642230252969,30.139935414424112,13.455328310010763,56.40473627556512,30.113636363636363,8.049242424242424,61.83712121212121,26.980942828485457,15.379471748579071,57.639585422935475
2016-02-11,25.840336134453782,11.470588235294118,62.6890756302521,35.74244415243101,13.009198423127463,51.24835742444152,25.448457306864388,6.457785218847166,68.09375747428845,35.14568939621508,14.77921297686993,50.07509762691499
2016-02-12,42.580049261083744,5.603448275862069,51.816502463054185,36.85923515052888,8.299430431244915,54.841334418226204,31.594287379772663,8.918682599825123,59.487030020402216,25.348984771573605,20.717005076142133,53.934010152284266
2016-02-13,37.32522796352583,12.826747720364741,49.848024316109424,29.178470254957507,7.932011331444759,62.889518413597735,25.85697399527187,8.983451536643026,65.15957446808511,28.338136407300674,14.937560038424591,56.724303554274734
2016-02-14,38.86699507389162,14.38423645320197,46.748768472906406,35.13513513513514,12.018401380103509,52.84646348476136,32.924043403769275,10.536836093660765,56.53912050256996,27.066041140382534,19.487549621075424,53.446409238542046
2016-02-15,36.580178647384095,13.738834538494258,49.68098681412165,31.392604248623133,15.656963021243115,52.950432730133755,34.006928406466514,11.547344110854503,54.44572748267898,25.65597667638484,17.988338192419825,56.35568513119534
2016-02-16,31.625967837998807,10.065515187611673,58.30851697438952,38.07390817469205,10.97424412094065,50.9518477043673,34.099378881987576,11.832298136645962,54.06832298136646,24.07516147974163,16.529653552554315,59.395184967704054
2016-02-17,38.44325609031491,14.795008912655971,46.761734997029116,32.99270072992701,12.992700729927007,54.01459854014598,31.783251231527093,9.596059113300493,58.62068965517241,26.975397973950795,14.616497829232996,58.40810419681621
2016-02-18,34.251290877796905,16.924842226047044,48.823866896156055,33.03514376996805,16.549520766773163,50.415335463258785,35.38708199725149,8.680714612918003,55.932203389830505,21.809045226130653,18.44221105527638,59.74874371859296
2016-02-19,40.685224839400426,11.349036402569594,47.96573875802998,37.77614138438881,13.402061855670103,48.82179675994109,33.19101540746241,9.949879339149804,56.85910525338779,21.993127147766323,18.022145857197405,59.984726995036276
2016-02-20,39.54963526799873,13.574373612432604,46.87599111956867,43.90591589451176,13.756236635780471,42.33784746970777,37.634928306750446,10.745932012244241,51.619139681005315,31.552897504640132,14.044132810888843,54.402969684471024
2016-02-21,36.71539122957868,16.251074806534824,47.0335339638865,35.97424412094065,21.360582306830906,42.66517357222844,39.179548156956,13.495838287752676,47.32461355529132,32.29860978861169,19.024947629023043,48.67644258236526
2016-02-22,36.30689206762029,15.448634590377113,48.2444733420026,32.89406994424734,13.786112519006588,53.31981753674607,38.8547158758055,11.570005858230815,49.57527826596368,27.58212488902042,16.602545131695766,55.81532997928381
2016-02-23,36.078510724403074,16.9769324160259,46.94455685957102,37.20657276995305,11.384976525821596,51.40845070422535,36.653458213256485,11.851585014409222,51.49495677233429,25.841392649903288,14.177949709864604,59.98065764023211
2016-02-24,36.05263157894737,10.818713450292398,53.12865497076023,35.22090852520224,11.63658991910392,53.14250155569384,35.76725613234455,12.03650884198517,52.196235025670276,24.588364434687158,15.422612513721186,59.98902305159166
2016-02-25,37.650695517774345,10.35548686244204,51.99381761978362,35.865921787709496,11.005586592178771,53.12849162011173,36.54648025508953,10.939416237429482,52.51410350748099,23.429904724868752,17.48006999805561,59.09002527707564
2016-02-26,49.53319502074689,8.16908713692946,42.29771784232365,37.98003072196621,9.101382488479263,52.91858678955453,36.00686779494727,12.141280353200884,51.851851851851855,26.273637374860957,23.136818687430477,50.58954393770856
2016-02-27,38.14575645756457,14.944649446494465,46.90959409594096,34.73564525298465,10.801591813530415,54.46276293348493,34.78543563068921,10.110533159947984,55.10403120936281,26.366950182260023,18.52976913730255,55.10328068043742
2016-02-28,37.663960024984384,14.42848219862586,47.90755777638976,36.434108527131784,15.030146425495262,48.535745047372956,34.99826569545612,13.180714533472077,51.8210197710718,25.229793977812996,29.001584786053883,45.76862123613312
2016-02-29,28.15928484355953,10.321007720438846,61.519707436001625,39.362394274560835,14.248536109303839,46.38906961613533,36.4403528960491,9.934790947449175,53.62485615650173,22.002606429192006,27.497827975673328,50.49956559513466
2016-03-01,39.745916515426494,10.480943738656988,49.77313974591652,37.35549132947977,14.306358381502891,48.33815028901734,34.62145110410095,10.304942166140904,55.07360672975815,32.780082987551864,18.547717842323653,48.67219917012448
2016-03-02,25.05060728744939,13.992914979757085,60.95647773279352,37.66976411722659,10.72194424588992,51.608291636883486,30.935860551700795,9.392452191572177,59.671687256727026,28.420641125879595,15.168100078186082,56.41125879593432
2016-03-03,51.351351351351354,9.97920997920998,38.66943866943867,37.828947368421055,20.531798245614034,41.63925438596491,29.410752688172042,24.473118279569892,46.116129032258065,24.311126613184513,13.585629577956052,62.10324380885943
2016-03-04,40.42145593869732,8.620689655172415,50.95785440613027,37.31739707835325,16.201859229747676,46.48074369189907,37.453066332916144,11.201501877346683,51.34543178973717,24.809741248097414,14.941653982749873,60.24860476915271
2016-03-05,36.95806680881308,12.57995735607676,50.46197583511017,33.95904436860068,12.969283276450511,53.0716723549488,33.426808749298935,10.880538418395961,55.6926528323051,26.144756277695716,13.09699655342196,60.75824716888232
2016-03-06,35.29962546816479,13.623595505617978,51.07677902621723,32.25190839694657,22.328244274809162,45.41984732824427,35.901978151756715,9.68408621198701,54.41393563625628,28.117827084927313,14.651874521805661,57.23029839326702
2016-03-07,43.0945558739255,10.773638968481375,46.13180515759312,32.17391304347826,15.978260869565217,51.84782608695652,36.957200874726645,9.497032177444549,53.5457669478288,27.17391304347826,14.281400966183575,58.54468599033817
2016-03-08,37.955555555555556,9.244444444444444,52.8,36.48936170212766,10.957446808510639,52.5531914893617,33.306222041480275,9.211061407076047,57.48271655144367,25.41939152686949,13.875462041512653,60.705146431617855
2016-03-09,36.90523790483807,16.673330667732905,46.42143142742903,38.93687707641196,12.425249169435215,48.63787375415282,39.02065799540934,9.487375669472074,51.49196633511859,24.258970358814352,14.716588663546542,61.0244409776391
2016-03-10,38.70496592015579,11.879259980525804,49.415774099318405,36.22291021671827,13.08049535603715,50.696594427244584,33.169613621480025,6.565160445317616,60.26522593320236,24.277763053273258,16.77710045056984,58.945136496156906
2016-03-11,38.813438170121515,8.613295210864903,52.57326661901358,37.14466203411244,8.33859759949463,54.51674036639292,35.98262202913366,8.791208791208792,55.22616917965755,26.062482409231635,19.30762735716296,54.6298902336054
2016-03-12,36.41193297915815,13.853698406211688,49.73436861463016,36.6,11.133333333333333,52.266666666666666,33.47056401811445,12.844792095512556,53.684643886372996,25.705204608661106,16.567342073897496,57.7274533174414
2016-03-13,39.0982087708462,10.438542310067943,50.463248919085856,39.571263035921206,12.398609501738123,48.03012746234067,32.93713681986265,10.16904384574749,56.89381933438986,22.841918294849023,24.689165186500887,52.46891651865009
2016-03-14,38.44827586206897,13.189655172413794,48.36206896551724,35.24663677130045,14.260089686098654,50.493273542600896,35.29966965549788,10.877772534214252,53.82255781028787,20.78332280480101,15.940197936407666,63.276479258791326
2016-03-15,38.139329805996475,9.920634920634921,51.94003527336861,36.474694589877835,9.860383944153577,53.66492146596859,46.52137468566639,8.780385582564962,44.69823973176865,25.335397316821464,17.105263157894736,57.5593395252838
2016-03-16,42.93495674463313,9.131688561358539,47.93335469400833,40.169851380042466,10.19108280254777,49.639065817409765,35.11754827875735,7.829554995801847,57.0528967254408,27.171129220023282,17.136204889406287,55.69266589057043
2016-03-17,41.32961413296141,10.739191073919107,47.93119479311948,33.649289099526065,12.796208530805687,53.55450236966825,38.262910798122064,10.261569416498993,51.47551978537894,27.869840313347392,19.94576679722808,52.18439288942452
2016-03-18,48.671606723296584,5.36779324055666,45.96060003614676,36.05263157894737,8.631578947368421,55.31578947368421,38.45647884235913,7.301030475772857,54.24249068186801,29.33399850336742,17.086555250685958,53.57944624594662
2016-03-19,40.70823244552058,8.565375302663439,50.72639225181598,41.968599033816425,8.93719806763285,49.094202898550726,36.71517671517672,11.268191268191268,52.016632016632016,37.023593466424686,18.656987295825772,44.31941923774955
2016-03-20,41.67130919220056,10.362116991643454,47.966573816155986,44.24939467312349,8.716707021791768,47.03389830508475,35.55794761392178,11.015428776462146,53.42662360961607,27.449424831416106,18.44506148353828,54.105513685045615
2016-03-21,36.85121107266436,12.240484429065743,50.9083044982699,34.12621359223301,7.087378640776699,58.786407766990294,35.223827358658816,10.201533797039415,54.57463884430177,20.14388489208633,23.741007194244606,56.115107913669064
2016-03-22,41.93420531113753,8.9179548156956,49.147839873166866,38.97810218978102,14.087591240875913,46.934306569343065,32.95009784735812,10.347358121330725,56.702544031311156,23.18031955363936,17.854425564291148,58.96525488206949
2016-03-23,41.33781136300028,8.088441085922193,50.573747551077524,35.36231884057971,12.028985507246377,52.608695652173914,33.718152866242036,9.195859872611464,57.0859872611465,27.666314677930306,19.165786694825766,53.16789862724393
2016-03-24,33.31925675675676,11.908783783783784,54.77195945945946,31.60535117056856,7.357859531772576,61.03678929765886,34.81012658227848,8.642514185945002,56.54735923177652,22.590286425902864,17.833125778331258,59.576587795765874
2016-03-25,37.346278317152105,11.715210355987056,50.93851132686084,35.585585585585584,12.612612612612613,51.8018018018018,35.6390977443609,9.273182957393484,55.08771929824562,25.391705069124423,16.682027649769584,57.92626728110599
2016-03-26,42.83464566929134,11.653543307086615,45.511811023622045,30.10989010989011,9.45054945054945,60.43956043956044,38.29465186680121,10.494450050454088,51.210898082744706,26.008064516129032,18.598790322580644,55.39314516129032
2016-03-27,35.273972602739725,10.045662100456621,54.68036529680365,32.388419782870926,12.967430639324487,54.64414957780458,34.09436834094368,16.32420091324201,49.58143074581431,21.62670427832628,20.21626704278326,58.157028678890455
2016-03-28,39.03703703703704,12.666666666666666,48.2962962962963,34.32343234323432,17.71177117711771,47.964796479647966,33.86363636363637,12.181818181818182,53.95454545454545,26.197916666666668,18.802083333333332,55.0
2016-03-29,39.289871944121074,10.768335273573923,49.94179278230501,34.56701401365433,10.63600431189364,54.79698167445203,37.340851218624955,8.330301927973808,54.32884685340124,23.547494620350445,18.721180448816476,57.731324930833075
2016-03-30,35.83826053786,9.231356093839405,54.93038336830059,36.11713665943601,9.707158351409978,54.17570498915401,33.896921641791046,9.503264925373134,56.59981343283582,27.84339457567804,15.135608048993875,57.020997375328086
2016-03-31,37.88927335640138,9.073433294886582,53.03729334871203,33.01198540906722,8.25951016154247,58.728504429390306,31.40255009107468,10.21250758955677,58.38494231936855,23.10070671378092,22.725265017667844,54.17402826855124
2016-04-01,35.96345514950166,11.503322259136212,52.533222591362126,35.97063621533442,10.848287112561174,53.1810766721044,36.60130718954248,9.395424836601308,54.00326797385621,27.71049596309112,16.37831603229527,55.911188004613614
2016-04-02,35.34090909090909,10.113636363636363,54.54545454545455,33.80281690140845,9.929577464788732,56.267605633802816,38.13084112149533,9.065420560747663,52.80373831775701,30.557737627651218,17.321288295365278,52.1209740769835
2016-04-03,35.278080697928026,11.28680479825518,53.43511450381679,30.89430894308943,8.892276422764228,60.21341463414634,33.71003307607497,6.7392502756339585,59.55071664829107,20.90288315629742,24.468892261001518,54.628224582701066
2016-04-04,37.3153921890384,8.795536593370528,53.88907121759107,34.07738095238095,8.978174603174603,56.94444444444444,33.345785082804134,8.06873365707882,58.58548126011705,24.764373232799247,13.360037700282753,61.875589066918
2016-04-05,37.160025300442754,9.329538266919672,53.51043643263757,28.201970443349754,11.083743842364532,60.714285714285715,32.21358736525445,7.796440210579092,59.98997242416646,26.289804986423107,15.403604048383116,58.30659096519378
2016-04-06,37.94117647058823,20.941176470588236,41.11764705882353,38.54595336076817,14.266117969821673,47.18792866941015,35.80848042199229,11.057009535402718,53.134510042604994,26.174908050674293,13.771965672251737,60.05312627707397
2016-04-07,37.785910338517844,12.991765782250686,49.222323879231475,39.53786906290116,10.847240051347882,49.61489088575096,34.48072383949646,8.025177025963808,57.49409913453973,34.73809523809524,14.166666666666666,51.095238095238095
2016-04-08,40.2479732951836,11.492608488316643,48.25941821649976,47.45977984758679,6.096528365791702,46.44369178662151,38.344722854973426,8.807896735003796,52.84738041002278,35.65217391304348,15.950310559006212,48.39751552795031
2016-04-09,35.88357588357589,10.228690228690228,53.88773388773389,39.77566867989646,8.9732528041415,51.251078515962035,35.91549295774648,9.763124199743919,54.3213828425096,19.444444444444443,16.06691919191919,64.48863636363636
2016-04-10,39.616402116402114,16.26984126984127,44.113756613756614,35.69444444444444,13.333333333333334,50.97222222222222,27.967408059898702,6.584452763708434,65.44813917639287,30.741469816272964,10.531496062992126,58.727034120734906
2016-04-11,39.25446937999239,11.677443895017117,49.06808672499049,38.038277511961724,11.24401913875598,50.717703349282296,38.01523735104512,6.632154717718304,55.35260793123657,21.084998901822974,16.86799912145838,62.04700197671865
2016-04-12,42.130653266331656,10.090452261306533,47.778894472361806,36.270368135184064,10.44055522027761,53.28907664453832,37.06937609144309,8.382282902047944,54.54834100650897,24.40894568690096,16.208732694355696,59.38232161874335
2016-04-13,37.81416603198782,10.73876618431074,51.44706778370145,36.91489361702128,10.797872340425531,52.287234042553195,36.85641461342396,7.986406117247239,55.1571792693288,21.42608695652174,20.208695652173912,58.36521739130435
2016-04-14,43.43491882654514,12.13329535744802,44.43178581600684,31.26843657817109,7.915437561455261,60.816125860373646,35.626666666666665,13.173333333333334,51.2,23.58058608058608,15.544871794871796,60.874542124542124
2016-04-15,34.43089430894309,10.8130081300813,54.75609756097561,35.52437223042836,10.85672082717873,53.61890694239291,35.03669475400924,12.25876596901332,52.70453927697744,26.12277438214191,19.718309859154928,54.15891575870316
2016-04-16,29.42459776383965,8.290155440414507,62.28524679574584,32.40165631469979,14.285714285714286,53.31262939958592,36.74070716228468,13.825929283771533,49.43336355394379,26.85431723088627,15.899581589958158,57.24610117915557
2016-04-17,32.22116301239276,16.936765173180806,50.84207181442644,33.59904344360303,12.913511359107215,53.48744519728976,32.51939753537198,19.146508443633046,48.33409402099498,27.89907811741873,18.000970402717126,54.099951479864146
2016-04-18,41.11084162017948,11.205432937181664,47.68372544263885,34.455832113225966,13.90922401171303,51.634943875061005,37.63022642033616,12.140575079872205,50.229198499791636,23.749785186458155,17.150713180958927,59.09950163258292
2016-04-19,36.35432667690732,15.412186379928315,48.233486943164365,39.681603773584904,13.443396226415095,46.875,35.610246107483675,11.099949773982923,53.289804118533404,28.304821150855364,15.129971117529438,56.565207731615196
2016-04-20,37.43462703000275,12.744288466831819,49.82108450316543,33.246073298429316,13.979057591623036,52.774869109947645,32.26093402520385,9.88880652335063,57.85025945144552,27.878260869565217,17.443478260869565,54.678260869565214
2016-04-21,41.1231884057971,6.935817805383023,51.940993788819874,35.45473639991599,7.981516488132745,56.56374711195127,38.89818105791344,8.60338699560945,52.498431946477105,26.95109261186264,18.955948664585502,54.09295872355185
2016-04-22,40.89756097560976,11.941463414634146,47.1609756097561,40.1547917140906,8.809469610744365,51.035738675165035,39.53422856606254,13.644473659498544,46.82129777443892,24.732216424059324,13.00466904696512,62.26311452897556
2016-04-23,38.1786941580756,11.924398625429554,49.896907216494846,40.24655547498187,12.255257432922408,47.49818709209572,33.98972602739726,12.585616438356164,53.42465753424658,29.350043719032353,15.622267560477995,55.02768872048965
2016-04-24,38.4037558685446,13.755868544600938,47.840375586854464,39.91150442477876,11.769911504424778,48.31858407079646,38.606340819022456,11.806472919418757,49.587186261558784,23.97596941561988,13.681048607318406,62.34298197706171
2016-04-25,40.423669467787114,9.068627450980392,50.50770308123249,31.328227162338877,4.838408369138801,63.833364468522326,38.693259972489685,9.807427785419533,51.49931224209078,26.16343798708528,17.23446893787575,56.602093075038965
2016-04-26,41.89025864152768,7.4450084602368864,50.664732898235435,39.743589743589745,7.9606440071556355,52.29576624925462,35.41923009316224,7.5760239057830905,57.00474600105467,20.750638632344273,17.292198860286895,61.957162507368835
2016-04-27,34.85162180814355,10.869565217391305,54.27881297446515,42.48434237995825,9.255393180236604,48.26026443980515,35.84077064740048,7.933135004958209,56.22609434764131,21.033544877606527,13.58114233907525,65.38531278331823
2016-04-28,44.0567066521265,9.087604507451836,46.855688840421664,40.41527623285132,8.75046347793845,50.834260289210235,35.5504208615283,8.384221818781977,56.06535731968972,20.47596971101839,13.089167053005719,66.4348632359759
2016-04-29,40.535838552540014,9.603340292275574,49.86082115518441,48.0224609375,8.984375,42.9931640625,35.62028685494603,9.093597515895313,55.28611562915866,21.703484399908906,16.146663630152585,62.14985196993851
2016-04-30,35.53542887586574,12.306872669152904,52.15769845498135,36.67117726657646,10.284167794316645,53.0446549391069,35.68671963677639,9.60272417707151,54.7105561861521,27.068723702664798,16.65497896213184,56.27629733520337
2016-05-01,35.44973544973545,8.835978835978835,55.714285714285715,34.59402274530547,6.982279820153399,58.423697434541126,21.974588627369297,6.5611330972714015,71.4642782753593,25.641025641025642,20.01005530417295,54.34891905480141
2016-05-02,39.663236669784844,11.973807296538821,48.36295603367633,25.56976097832129,7.003891050583658,67.42634797109505,30.74271388279536,8.335944844876215,60.921341272328426,22.75728155339806,19.37864077669903,57.86407766990291
2016-05-03,35.91370558375635,8.883248730964468,55.203045685279186,34.62732919254658,7.712215320910973,57.660455486542446,33.282812973628374,8.760230372840255,57.95695665353137,18.42948717948718,19.871794871794872,61.69871794871795
2016-05-04,42.18029350104822,10.18867924528302,47.63102725366876,32.64854614412137,6.005056890012642,61.34639696586599,33.72799028536733,5.935033394049787,60.33697632058288,22.642892037127503,25.72056668295066,51.636541279921836
2016-05-05,47.03044920108532,8.742839915586373,44.22671088332831,42.010684798445844,7.430791646430306,50.55852355512385,42.870491496916465,8.017193048028405,49.11231545505513,27.67057887407997,20.907101651084144,51.42231947483589
2016-05-06,46.13994743758213,10.627463863337713,43.23258869908016,50.485236423704315,8.341936816023127,41.17282676027256,40.03942828979793,7.747658945293248,52.21291276490882,35.395356389024194,16.626075661633383,47.97856794934243
2016-05-07,49.387469373468676,9.52047602380119,41.09205460273014,37.78894472361809,10.552763819095478,51.65829145728643,39.39393939393939,6.87799043062201,53.728070175438596,34.49612403100775,13.275193798449612,52.22868217054263
2016-05-08,38.209904588823264,10.631531122217174,51.15856428895956,33.61053361053361,17.81011781011781,48.57934857934858,34.4147582697201,7.548770144189992,58.03647158608991,28.409534974599453,15.748339194998046,55.8421258304025
2016-05-09,36.76421123444332,8.207198116380761,55.02859064917592,32.10649960845732,17.54111198120595,50.35238841033673,40.89789214344375,8.458800985491377,50.64330687106488,30.11793166011491,17.719987904445116,52.162080435439975
2016-05-10,36.53001464128843,12.481698389458272,50.988286969253295,42.033477991320524,9.76441413515189,48.20210787352759,43.1425419781836,7.133227111165584,49.72423091065082,25.366914296068128,23.60934951984055,51.02373618409132
2016-05-11,36.292506770990066,8.06500150466446,55.64249172434547,31.289782244556115,8.47571189279732,60.234505862646564,22.44399185336049,5.896130346232179,71.65987780040733,23.096026490066226,22.05298013245033,54.85099337748344
2016-05-12,38.59388905369327,12.726194007712845,48.67991693859389,40.150093808630395,9.75609756097561,50.093808630393994,34.807162534435264,9.75206611570248,55.44077134986226,24.568642160540136,15.453863465866467,59.9774943735934
2016-05-13,39.27642468668716,11.184677228659258,49.53889808465358,49.12859161563825,12.529439472444654,38.3419689119171,35.96630642085187,9.949141767323585,54.08455181182454,25.01744591765527,22.62735519888346,52.35519888346127
2016-05-14,40.766408479412966,12.841418671015084,46.39217284957195,26.278659611992946,9.744268077601411,63.977072310405646,37.70841411399768,9.887553315238465,52.40403257076386,24.118511263467187,20.592556317335944,55.28893241919687
2016-05-15,34.80128893662728,17.132116004296456,48.06659505907626,33.70262390670554,12.06997084548105,54.22740524781341,34.72924187725632,12.876052948255115,52.39470517448857,21.983512365725705,17.062203347489383,60.95428428678491
2016-05-16,38.46153846153846,9.580672035545682,51.95778950291586,23.55140186915888,8.411214953271028,68.03738317757009,49.55743604707713,7.810524268067309,42.632039684855556,25.57865829737152,17.163593566104353,57.25774813652413
2016-05-17,40.624200562803786,11.946789460220005,47.42900997697621,25.319693094629155,8.337595907928389,66.34271099744245,35.77383659239048,7.821737153251478,56.40442625435804,26.686909581646425,14.777327935222672,58.5357624831309
2016-05-18,41.44985545919502,8.072048032021348,50.478096508783636,32.5,6.126373626373627,61.37362637362637,47.0565377890033,6.537789003302895,46.4056732076938,23.77495462794918,13.793103448275861,62.43194192377496
2016-05-19,38.86970172684458,12.213500784929357,48.91679748822606,38.791812281577634,9.236145781328007,51.97204193709436,41.75493844832522,8.044660750071571,50.20040080160321,25.428504343742663,16.318384597323316,58.253111058934024
2016-05-20,40.28716216216216,12.66891891891892,47.04391891891892,23.59550561797753,7.945425361155698,68.45906902086678,38.045337895637296,12.082976903336185,49.871685201026516,25.206043956043956,15.773809523809524,59.02014652014652
2016-05-21,39.11488600804649,8.985248100134108,51.8998658918194,26.727066817667044,10.475651189127973,62.79728199320498,31.553398058252426,8.83495145631068,59.61165048543689,23.01043219076006,14.12816691505216,62.86140089418778
2016-05-22,39.18819188191882,8.025830258302584,52.7859778597786,32.192050373868554,11.570247933884298,56.23770169224715,32.195750160978754,10.286542176432711,57.517707662588535,22.30900659018794,18.159628996826946,59.53136441298511
2016-05-23,48.19557625145518,7.954986418315872,43.84943733022895,33.686440677966104,11.822033898305085,54.49152542372882,40.974967061923586,11.389254867515737,47.63577807056068,21.258097511080805,26.167746334810776,52.57415615410842
2016-05-24,35.94512195121951,8.231707317073171,55.823170731707314,25.172596919808814,4.859267126925119,69.96813595326607,33.42707914825231,9.240658899156287,57.3322619525914,25.84804602261456,14.699464391985718,59.452489585399725
2016-05-25,45.503275759380585,10.005955926146516,44.4907683144729,35.95355069227334,10.183117463153193,53.86333184457347,36.847946725860155,9.973045822102426,53.17900745203742,26.566604127579737,15.084427767354597,58.348968105065666
2016-05-26,38.98547273160276,13.074541557513694,47.93998571088354,31.329113924050635,9.282700421940929,59.38818565400844,39.32633420822397,11.854768153980752,48.818897637795274,24.686420650790765,15.342664970005453,59.97091437920378
2016-05-27,37.96881584492204,12.895069532237674,49.13611462284029,31.22789287518949,11.01566447700859,57.75644264780192,36.751960379694594,12.938505984316963,50.309533635988444,22.96055151283033,13.941018766756033,63.098429720413634
2016-05-28,38.60510805500982,14.145383104125736,47.24950884086444,35.232067510548525,12.165963431786217,52.60196905766526,32.633142372162105,9.14491831105453,58.22193931678336,24.918140144073348,21.51277013752456,53.5690897184021
2016-05-29,30.15996878657823,9.754194303550527,60.08583690987125,34.844290657439444,9.515570934256056,55.6401384083045,21.86327296459455,7.488986784140969,70.64774025126448,27.483124397299903,16.650594664095145,55.86628093860495
2016-05-30,38.11083811083811,10.1010101010101,51.78815178815179,40.890504316219904,9.450249886415266,49.65924579736483,38.27034388832141,7.916241062308478,53.81341504937011,37.00906344410876,15.433031218529708,47.55790533736153
2016-05-31,37.400122925629994,11.370620774431469,51.229256299938534,35.32455315145814,9.407337723424272,55.26810912511759,48.47334914492573,2.3992010984895766,49.127449756584696,26.41169042034999,15.424860184015875,58.16344939563413
2016-06-01,44.434306569343065,13.86861313868613,41.697080291970806,28.00982800982801,10.503685503685503,61.486486486486484,28.871256718710008,6.833887893524444,64.29485538776555,25.535092085614735,18.41712294673967,56.0477849676456
2016-06-02,42.43055555555556,12.152777777777779,45.416666666666664,38.645833333333336,17.1875,44.166666666666664,40.28994261552401,9.513742071881607,50.19631531259438,28.70919881305638,16.246290801186944,55.04451038575667
2016-06-03,35.2078239608802,12.836185819070904,51.955990220048896,34.27192276749799,12.55028157683025,53.17779565567176,26.28012048192771,9.525602409638553,64.19427710843374,26.0694514343231,21.841972823351785,52.08857574232511
2016-06-04,40.122699386503065,13.987730061349692,45.88957055214724,27.744807121661722,12.908011869436201,59.347181008902076,33.16862260654725,12.60037059913527,54.23100679431748,22.998193859121013,15.954244431065623,61.047561709813365
2016-06-05,45.17224648229015,8.976225133430374,45.851528384279476,28.101802757158005,11.134676564156946,60.76352067868505,39.2823418319169,7.554296506137866,53.16336166194523,26.235509456985966,19.646125686394143,54.11836485661989
2016-06-06,40.34990280477645,7.025826159400166,52.624271035823384,40.159189580318376,10.419681620839363,49.421128798842254,30.661040787623065,8.29817158931083,61.0407876230661,27.95228628230616,18.648111332007954,53.39960238568588
2016-06-07,43.99693133870349,12.082853855005753,43.92021480629076,38.99796885578876,11.712931618144887,49.28909952606635,35.30626290433586,13.420509291121817,51.27322780454232,30.266966870376326,24.670311997426825,45.06272113219685
2016-06-08,44.906621392190154,14.940577249575552,40.15280135823429,43.85382059800664,12.513842746400886,43.63233665559247,27.776560788608982,7.108433734939759,65.11500547645126,25.713198934956257,18.98060098896919,55.30620007607455
2016-06-09,49.38434476693052,9.982409850483728,40.63324538258575,42.60614934114202,12.591508052708638,44.80234260614934,46.2066655501591,7.38569753810082,46.40763691174008,21.958855098389982,11.583184257602863,66.45796064400716
2016-06-10,40.07952286282306,11.809145129224651,48.111332007952285,39.60755813953488,13.444767441860465,46.94767441860465,35.986316989737745,8.506271379703534,55.50741163055872,25.256537570340946,21.416749420721615,53.32671300893744
2016-06-11,42.010502625656414,13.428357089272318,44.56114028507127,34.24270931326435,12.699905926622765,53.05738476011289,32.51599147121535,13.859275053304904,53.624733475479744,28.54794520547945,20.602739726027398,50.84931506849315
2016-06-12,45.056179775280896,16.741573033707866,38.20224719101124,37.17621306092667,10.944910616563298,51.87887632251003,36.32116788321168,10.91970802919708,52.75912408759124,27.30034722222222,21.13715277777778,51.5625
2016-06-13,47.934880916490805,8.592101296352125,43.47301778715707,36.83141503046716,12.525389302640487,50.643195666892346,42.174993099641185,7.590394700524428,50.234612199834395,25.6542572797641,18.503501658680428,55.84224106155548
2016-06-14,37.329485834207766,11.096537250786989,51.57397691500525,40.20671834625323,7.751937984496124,52.041343669250644,40.664328450587995,12.02805859294409,47.30761295646792,28.503184713375795,17.32484076433121,54.17197452229299
2016-06-15,45.51407989521938,12.311722331368697,42.17419777341192,46.95996045477014,11.122095897182403,41.917943648047455,44.86242476354256,10.89853826311264,44.239036973344795,30.229053646775167,18.294153104279687,51.47679324894515
2016-06-16,51.13458528951487,6.4358372456964,42.429577464788736,47.580025608194624,7.016645326504482,45.403329065300895,51.26534466477809,7.592067988668555,41.142587346553356,25.67791920309906,26.757055893746543,47.5650249031544
2016-06-17,44.36310395314788,11.09809663250366,44.53879941434846,42.265032107413894,11.266783420899008,46.468184471687096,44.28360413589365,9.630723781388479,46.08567208271787,27.18354430379747,21.139240506329113,51.677215189873415
2016-06-18,39.51527924130664,19.70495258166491,40.77976817702845,43.309128630705395,14.004149377593361,42.68672199170125,37.08293612964728,14.489990467111534,48.42707340324118,27.319182389937108,22.562893081761008,50.117924528301884
2016-06-19,38.38028169014085,18.016431924882628,43.60328638497653,42.96875,13.494318181818182,43.53693181818182,37.90922619047619,12.202380952380953,49.888392857142854,25.59916637721431,20.63216394581452,53.76866967697117
2016-06-20,44.48512585812357,12.677345537757438,42.837528604118994,45.82074521651561,13.494461228600201,40.68479355488419,35.94493116395494,9.16145181476846,54.8936170212766,28.388401888064735,17.39716790289953,54.21443020903574
2016-06-21,46.46337629676202,13.392015089594468,40.144608613643506,42.02643171806167,13.480176211453745,44.49339207048458,45.26343450269347,11.062935225331756,43.67363027197477,28.847602309816722,20.763243786090886,50.389153904092396
2016-06-22,47.9351601698186,15.553840216132768,36.51099961404863,49.43181818181818,13.016528925619834,37.55165289256198,34.52445406966252,10.575708355892438,54.899837574445044,32.84861075045443,15.969877953778239,51.181511295767336
2016-06-23,45.45312255439036,8.123336985443732,46.42354046016591,55.75539568345324,10.831334932054357,33.41326938449241,55.43589743589744,9.82905982905983,34.73504273504273,33.8498789346247,16.004842615012105,50.14527845036319
2016-06-24,51.8807686955984,7.430311838097741,40.68891946630386,52.04472354112421,6.029509368458672,41.92576709041711,38.67476938276143,5.796735172144424,55.528495445094144,30.739299610894943,16.492068243041004,52.76863214606405
2016-06-25,46.49064171122995,12.123997326203208,41.38536096256684,47.40331491712707,11.696921862667718,40.89976322020521,42.823817577418794,12.217880678835948,44.95830174374526,30.175989238874564,18.237865710122183,51.58614505100325
2016-06-26,47.32576221667217,11.728947740445784,40.94529004288205,50.83186533568213,11.646114699549814,37.522019964768056,45.815602836879435,8.486997635933806,45.69739952718676,32.22837532173777,16.933156540051478,50.83846813821075
2016-06-27,51.079228847755076,10.388778581950938,38.53199257029399,42.30529982582732,5.691714356805176,52.0029858173675,48.079881331721786,5.068124381936051,46.85199428634216,38.18009641873278,13.911845730027549,47.90805785123967
2016-06-28,45.63953488372093,10.261009401286492,44.09945571499258,43.81991564276545,10.370438290849075,45.809646066385476,45.336766717630965,7.5749041066495,47.08832917571954,25.290125885129818,17.71243115656963,56.99744295830055
2016-06-29,44.53279481677816,9.045395262737179,46.42180992048466,43.56938010147805,9.044782704610633,47.385837193911314,43.3479919465932,9.507788492105542,47.14421956130126,23.284100781928757,18.769631758337233,57.94626745973401
2016-06-30,51.168979921843416,8.327718636302386,40.5033014418542,49.455919723724506,8.379487847787841,42.16459242848765,44.880049210580275,8.113594422800903,47.006356366618824,25.872606274616324,16.290914029607496,57.83647969577618
2016-07-01,45.67816407860382,9.921671018276763,44.40016490311942,53.65772922873221,10.69182389937107,35.650446871896726,47.17314487632509,7.90005047955578,44.92680464411913,30.333509793541555,15.616728427739545,54.049761778718896
2016-07-02,51.10576923076923,10.216346153846153,38.67788461538461,42.90813898143741,8.210376011423131,48.88148500713946,43.23572713888434,7.672174055292,49.09209880582365,32.46290801186944,18.84272997032641,48.69436201780415
2016-07-03,42.961235791314486,14.631302827164092,42.40746138152142,45.61743341404358,9.975786924939467,44.40677966101695,40.562630678578216,14.217829310017107,45.219540011404675,29.032258064516128,18.028095733610822,52.939646201873046
2016-07-04,50.12606005042402,9.030483612193445,40.843456337382534,44.33558959743498,7.5703598147488425,48.09405058781618,44.45355511303737,11.022607473351295,44.52383741361134,38.41604525584983,15.338133196194395,46.24582154795577
2016-07-05,45.9358841778697,10.692864529472596,43.3712512926577,51.84950995889978,7.429655390452102,40.72083465064812,42.644496079000874,6.317165262852164,51.03833865814696,32.43724696356275,14.396761133603238,53.16599190283401
2016-07-06,41.299498047964306,6.574177356385945,52.12632459564975,41.16602067183462,6.637596899224806,52.19638242894057,55.95825580454656,4.675997087614271,39.36574710783917,34.718470808227714,18.844795345938085,46.4367338458342
2016-07-07,49.692135460397424,11.293031066330814,39.01483347327176,44.192503470615456,10.273021749190189,45.53447478019435,44.264663392083214,9.144755850910142,46.59058075700665,24.356913183279744,12.366023579849946,63.27706323687031
2016-07-08,44.66592838685862,9.856035437430787,45.47803617571059,49.474984558369364,11.365040148239654,39.159975293390985,40.663286861005496,9.991550485847064,49.34516265314745,31.744130330618113,13.847628174413034,54.408241494968856
2016-07-09,45.723885155772756,9.987782529016494,44.28833231521075,47.792869269949065,13.921901528013583,38.28522920203735,41.327240214583746,10.15299026425591,48.51976952116034,28.67025365103766,13.604919292851653,57.72482705611068
2016-07-10,48.28480830210435,9.685788411646007,42.02940328624964,37.46246246246246,13.288288288288289,49.249249249249246,44.348864994026286,9.31899641577061,46.33213859020311,30.12899262899263,18.611793611793612,51.25921375921376
2016-07-11,45.59155990957046,8.849176445257832,45.55926364517171,51.04835777481517,7.22336686462247,41.72827536056236,44.662570297854614,7.357842116225786,47.9795875859196,35.13378344586147,12.42810702675669,52.43810952738185
2016-07-12,46.91773831394162,8.573178199632578,44.5090834864258,43.681035751066645,8.194791819920553,48.1241724290128,47.836322869955154,6.619955156950673,45.54372197309417,37.391711542964174,18.684148911262,43.924139545773826
2016-07-13,48.12206572769953,5.815194195475885,46.06274007682458,41.292112564407454,6.484344034879112,52.22354340071344,52.360774818401936,7.017135406965916,40.622089774632144,38.56670673076923,19.673978365384617,41.75931490384615
2016-07-14,49.77422907488987,4.620044052863436,45.6057268722467,44.06901509705248,6.9734004313443565,48.95758447160316,43.963836199255454,9.537316078709448,46.4988477220351,45.417715975035584,17.989707653564,36.59257637140042
2016-07-15,55.34812211728531,6.105864265319569,38.546013617395126,44.9868073878628,9.410729991204926,45.60246262093228,41.84020399490013,8.946026349341267,49.213769655758604,34.61754254722274,16.495230970637742,48.88722648213952
2016-07-16,47.7107761027359,8.012283640424345,44.27694025683975,46.7205169628433,13.747980613893377,39.531502423263326,48.96918643316338,8.00266016404345,43.02815340279317,31.195233087977567,21.5913073957238,47.213459516298634
2016-07-17,39.49824970828472,9.043173862310384,51.4585764294049,44.88697524219591,9.68783638320775,45.42518837459634,39.83382975387992,13.1682081831008,46.99796206301928,38.255494505494504,10.874542124542124,50.86996336996337
2016-07-18,39.97018162103551,8.118731363513147,51.91108701545134,43.743257820927724,10.248112189859762,46.008629989212515,41.69826875515251,9.398186314921682,48.9035449299258,38.25350949628406,15.235342691990091,46.51114781172585
2016-07-19,45.45930384716043,9.133734624443862,45.406961528395705,51.59038013964314,12.800620636152056,35.60899922420481,37.65001935733643,11.130468447541618,51.21951219512195,27.50647797488539,11.201913494119992,61.291608530994615
2016-07-20,47.22321110715557,8.86436454254183,43.9124243503026,41.067285382830626,18.561484918793504,40.37122969837587,46.2682339611953,7.959212576122362,45.77255346268234,40.980853207927446,11.420893516963385,47.59825327510917
2016-07-21,51.2532501300052,8.060322412896516,40.68642745709828,42.87817445712182,10.305483989694515,46.81634155318366,41.55818540433925,8.224852071005918,50.21696252465483,25.69920251600584,14.635516118162418,59.665281365831746
2016-07-22,43.25699745547074,9.117896522476675,47.625106022052584,34.686686073234256,12.655124865941474,52.65818906082427,38.495857233906946,7.875808067012656,53.6283346990804,22.933613224875362,36.5258462345841,40.54054054054054
2016-07-23,41.19897959183673,10.52295918367347,48.2780612244898,40.4427161232426,8.914148967992821,50.64313490876458,38.261449533125834,10.337927967985772,51.400622498888396,27.678571428571427,20.535714285714285,51.785714285714285
2016-07-24,47.277676950998185,8.560193587416817,44.162129461584996,42.164570230607964,9.224318658280922,48.611111111111114,37.090790048013965,11.687036228721082,51.22217372326495,31.489698890649763,13.898573692551505,54.61172741679873
2016-07-25,43.669932177844764,10.135644310474754,46.19442351168048,44.9986222099752,8.597409754753375,46.403968035271426,36.68858718710225,9.641493423843869,53.66991938905388,24.056989372883336,15.111526334228659,60.83148429288801
2016-07-26,46.51721377101681,9.063250600480384,44.4195356285028,54.474867184307314,8.479771148344913,37.04536166734777,42.27812718378756,9.515490333100397,48.206382483112044,23.304169980684012,12.987160549937506,63.70866946937848
2016-07-27,46.64589284168614,8.621137366917683,44.73296979139617,45.84221748400853,8.76865671641791,45.38912579957356,34.032305433186494,6.92511013215859,59.04258443465492,35.59629696859684,14.503539662370667,49.90016336903249
2016-07-28,55.06368761745667,7.036959699310921,37.89935268323241,44.2019099590723,9.140518417462483,46.65757162346521,39.94056079596847,9.432743248481716,50.62669595554981,31.502444044250066,11.937226652945716,56.56032930280422
2016-07-29,44.678055190538764,11.67323696890057,43.64870784056067,42.694868781825306,10.732471602036819,46.57265961613788,43.88226447523902,10.323343001396498,45.794392523364486,23.732608347992965,19.95841995841996,56.308971693587075
2016-07-30,48.33585476550681,14.18305597579425,37.481089258698944,41.55722326454034,12.851782363977486,45.590994371482175,41.201099044877665,7.627894805704567,51.17100614941777,26.841379310344827,13.489655172413793,59.66896551724138
2016-07-31,46.595419847328245,11.022900763358779,42.38167938931298,39.83402489626556,11.721991701244812,48.44398340248963,42.00367647058823,10.968137254901961,47.02818627450981,29.150197628458496,19.40052700922266,51.44927536231884
2016-08-01,47.22222222222222,8.771929824561404,44.005847953216374,36.52253909843606,7.727690892364305,55.74977000919963,40.973420780117365,8.077321366931308,50.94925785295133,28.186896901980703,14.72828847130523,57.08481462671407
2016-08-02,34.88317757009346,5.0,60.11682242990654,57.76,9.04,33.2,39.33224755700326,8.713355048859935,51.954397394136805,37.996661101836395,10.851419031719532,51.151919866444075
2016-08-03,33.650615901455765,10.638297872340425,55.711086226203804,46.15384615384615,11.72161172161172,42.124542124542124,36.51261881350377,9.111766633890527,54.375614552605704,28.220858895705522,15.007078810759792,56.77206229353469
2016-08-04,48.87096774193548,10.10752688172043,41.02150537634409,40.51383399209486,11.561264822134387,47.92490118577075,41.050644856873234,6.134004403900597,52.81535073922617,24.23250102333197,19.52517396643471,56.24232501023332
2016-08-05,44.64944649446495,9.501845018450185,45.84870848708487,50.33743549027392,7.344184200079397,42.318380309646685,38.77952755905512,8.149606299212598,53.07086614173228,22.83278067266698,21.790620558976787,55.37659876835623
2016-08-06,46.36363636363637,15.818181818181818,37.81818181818182,37.10462287104623,12.043795620437956,50.851581508515814,30.546075085324233,13.242320819112628,56.21160409556314,25.603864734299517,22.302737520128826,52.09339774557166
2016-08-07,45.58321132259639,8.345534407027818,46.071254270375796,42.65060240963855,10.602409638554217,46.74698795180723,44.6066504460665,8.59691808596918,46.79643146796432,24.107744107744107,15.42087542087542,60.47138047138047
2016-08-08,45.69502074688797,11.825726141078839,42.47925311203319,57.43651753325272,7.4365175332527205,35.126964933494556,44.57386363636363,6.278409090909091,49.14772727272727,35.892776010904136,13.811903680145388,50.29532030895048
2016-08-09,36.48285137861466,10.558170813718897,52.95897780766644,45.53172475424486,6.523681858802502,47.94459338695263,38.5378183939335,7.758117830060276,53.70406377600622,30.87609866742274,14.374822795576977,54.74907853700029
2016-08-10,47.554836389787845,7.7490111470694,44.69615246314275,39.17748917748918,11.525974025974026,49.2965367965368,37.878457852319755,8.712698758440427,53.40884338923982,26.571201272871917,22.971360381861576,50.45743834526651
2016-08-11,43.97885994714987,12.117780294450736,43.9033597583994,45.08276533592989,11.295034079844207,43.6222005842259,40.63106796116505,8.592233009708737,50.77669902912621,26.77334607117268,14.664437544781466,58.562216384045854
2016-08-12,48.844672657252886,5.198973042362002,45.95635430038511,42.96977660972405,11.738939991239597,45.29128339903635,39.17506532288167,8.3986562150056,52.42627846211273,28.99343544857768,18.24398249452954,52.76258205689278
2016-08-13,46.51965993623804,9.192348565356005,44.28799149840595,41.10738255033557,14.261744966442953,44.630872483221474,53.3421975099722,6.285507071195455,40.372295418832344,28.440944881889763,12.062992125984252,59.496062992125985
2016-08-14,42.4445374633738,11.134365843449142,46.42109669317706,44.67697907188353,15.195632393084622,40.12738853503185,41.949616648411826,10.870755750273823,47.17962760131435,33.78861788617886,17.235772357723576,48.97560975609756
2016-08-15,44.064693317058286,11.046689044858102,44.888617638083616,43.141153081510936,8.846918489065606,48.011928429423456,47.42786848579736,6.732274658912995,45.839856855289646,23.369992144540454,25.0,51.630007855459546
2016-08-16,37.481371087928466,11.997019374068554,50.521609538002984,39.92718446601942,7.827669902912621,52.24514563106796,38.919175159990516,9.480919649205973,51.59990519080351,31.906956330919463,12.244897959183673,55.84814570989686
2016-08-17,39.8747893089333,10.955935468336143,49.169275222730555,43.244680851063826,10.691489361702128,46.06382978723404,38.3119024068579,10.781404549950544,50.90669304319156,29.16745685567988,15.79745875213351,55.03508439218661
2016-08-18,47.40464582735876,10.037281330656725,42.55807284198451,49.30511686670878,9.191408717624762,41.50347441566645,43.902074936557696,8.359456635318704,47.7384684281236,27.922471229557843,17.060367454068242,55.017161316373915
2016-08-19,37.78852495053858,10.134095405583645,52.07737964387778,44.04304381245196,14.373558800922368,41.58339738662567,39.19370229007634,10.138358778625955,50.66793893129771,25.102974828375284,17.48283752860412,57.4141876430206
2016-08-20,48.031496062992126,11.992731677771047,39.97577225923683,37.395833333333336,13.125,49.479166666666664,39.718659495242036,12.701696317749276,47.57964418700869,26.746242263483644,17.152961980548188,56.10079575596817
2016-08-21,44.90438695163105,8.256467941507312,46.83914510686164,41.024059222702036,8.821714990746452,50.154225786551514,43.12255541069101,11.994784876140809,44.88265971316819,28.083700440528634,18.53891336270191,53.37738619676946
2016-08-22,35.416666666666664,6.616512345679013,57.96682098765432,32.550860719874805,12.754303599374023,54.694835680751176,40.07750356924332,7.689169895982052,52.233326534774626,28.387533875338754,20.91237579042457,50.70009033423668
2016-08-23,43.84546271338724,9.583707696915244,46.57082958969752,44.10126582278481,10.075949367088608,45.822784810126585,40.944614339109755,7.2884811416921504,51.7669045191981,29.631305134584935,14.6120787152228,55.756616150192265
2016-08-24,47.165589259075084,10.243659870711088,42.590750870213824,33.181403828623516,11.485870556061988,55.332725615314494,39.816480748470674,9.895645915797049,50.28787333573228,30.82512892639475,14.181903422409752,54.9929676511955
2016-08-25,49.62793360045793,11.934745277618775,38.4373211219233,41.64196799051571,10.46235921754594,47.89567279193835,45.83935118320186,9.421175424952782,44.73947339184535,29.80684811237928,19.029850746268657,51.163301141352065
2016-08-26,46.11825192802056,12.442159383033419,41.43958868894602,40.53347280334728,8.99581589958159,50.47071129707113,35.235786690171885,7.690612604671662,57.07360070515646,22.31437598736177,36.018957345971565,41.666666666666664
2016-08-27,44.925273254517066,10.952487173767567,44.12223957171537,39.06296627872277,9.131602506714414,51.805431214562816,42.01610663704527,11.885587336850875,46.09830602610386,32.18270571827057,22.76847977684798,45.04881450488145
2016-08-28,44.33927921368766,9.646887513651256,46.01383327266109,41.3429888084266,14.154048716260698,44.50296247531271,40.06802721088435,13.571428571428571,46.36054421768708,32.77703604806408,17.923898531375166,49.299065420560744
2016-08-29,39.99724061810154,10.76158940397351,49.24116997792495,34.23497267759563,11.33879781420765,54.42622950819672,38.83702839362116,11.338000777907428,49.824970828471415,28.568646543330086,28.023369036027265,43.40798442064265
2016-08-30,46.23773173391494,10.714285714285714,43.04798255179934,39.257294429708224,13.687002652519894,47.05570291777188,43.24444444444445,9.333333333333334,47.422222222222224,29.619565217391305,18.43645484949833,51.94397993311037
2016-08-31,43.1875,10.208333333333334,46.604166666666664,45.10720175920836,9.565695437053327,45.32710280373832,39.17947041516835,10.771493952271983,50.04903563255966,32.26384656748521,14.518730955368346,53.21742247714644
2016-09-01,49.45135332845648,12.692026335040234,37.85662033650329,38.83161512027491,19.415807560137456,41.75257731958763,40.70131496556043,7.514088916718848,51.784596117720724,27.470274702747027,13.161131611316113,59.36859368593686
2016-09-02,43.51407000686342,10.84420041180508,45.641729581331504,45.407279029462735,19.410745233968804,35.18197573656846,65.5475341393407,6.305992867704618,28.146472992954685,26.385336743393008,13.256606990622336,60.35805626598466
2016-09-03,44.34357541899441,9.35754189944134,46.298882681564244,41.832669322709165,11.254980079681275,46.91235059760956,43.11557788944724,8.509212730318257,48.37520938023451,24.87167522165189,13.579094727018198,61.549230051329914
2016-09-04,60.11477761836442,7.399057183849149,32.486165197786434,48.11643835616438,10.188356164383562,41.695205479452056,43.25396825396825,8.763227513227513,47.982804232804234,21.75368139223561,37.01472556894244,41.231593038821956
2016-09-05,48.34983498349835,8.646864686468646,43.00330033003301,41.666666666666664,6.1193111931119315,52.2140221402214,41.935483870967744,6.976134277471807,51.08838185156045,27.51065124771759,17.01156421180767,55.477784540474744
2016-09-06,41.77602799650044,12.248468941382328,45.975503062117234,38.67832847424684,11.564625850340136,49.757045675413025,44.95578778135048,7.495980707395498,47.548231511254016,29.449152542372882,18.396892655367232,52.15395480225989
2016-09-07,46.560627969427806,9.151001859120017,44.28837017145218,39.12386706948641,9.780966767371602,51.095166163142,39.72687771570453,9.766190771777364,50.50693151251811,27.613776137761377,18.480934809348092,53.90528905289053
2016-09-08,46.61624203821656,11.584394904458598,41.79936305732484,39.886578449905485,7.309388783868935,52.80403276622558,38.685246894880336,8.664041199636474,52.650711905483185,27.994616419919247,19.851951547779272,52.15343203230148
2016-09-09,43.11926605504587,9.31545518701482,47.56527875793931,33.48623853211009,10.458715596330276,56.055045871559635,39.056112969156445,7.320698625046451,53.6231884057971,27.692942633099463,19.43871234007429,52.86834502682625
2016-09-10,43.188137164040775,10.472659870250231,46.33920296570899,34.77883781439723,9.627059843885515,55.59410234171726,28.64406779661017,4.915254237288136,66.44067796610169,24.968233799237613,28.716645489199493,46.3151207115629
2016-09-11,37.15651135005974,17.801672640382318,45.04181600955795,30.869565217391305,14.057971014492754,55.072463768115945,30.780724691819202,7.956667911841614,61.262607396339185,20.42147516307075,22.579026593075763,56.99949824385349
2016-09-12,55.223880597014926,6.0849598163031,38.69115958668198,43.27424400417101,10.844629822732012,45.88112617309697,45.01802687643396,10.47197640117994,44.509996722386106,15.420168067226891,9.453781512605042,75.12605042016807
2016-09-13,37.613122171945705,6.353695324283559,56.03318250377074,40.449954086317724,10.743801652892563,48.80624426078972,39.66865227103499,9.32613551749814,51.00521221146686,28.210489632340128,13.556368705349364,58.23314166231051
2016-09-14,45.26923076923077,9.711538461538462,45.01923076923077,41.48211243611584,12.095400340715502,46.42248722316865,40.710499928377025,8.823950723392064,50.465549348230915,27.51299183370453,17.59465478841871,54.892353377876766
2016-09-15,40.47428723687717,10.444977351452172,49.080735411670666,48.4709848302432,8.162773898386709,43.36624127137009,40.957688808007276,7.597816196542311,51.44449499545041,34.52012383900929,16.28482972136223,49.195046439628484
2016-09-16,50.66091178850823,6.5551659023469115,42.78392230914486,43.655413271245635,16.02638727202173,40.318199456732636,40.466862553052565,10.512569376428338,49.0205680705191,31.13598673300166,16.376451077943614,52.48756218905473
2016-09-17,42.98132646490663,12.91049581455248,44.10817772054089,48.90965732087228,14.330218068535826,36.7601246105919,41.20333064732743,12.489927477840451,46.30674187483213,31.885369532428356,14.841628959276019,53.27300150829563
2016-09-18,41.99799532241898,10.992315402606081,47.00968927497494,46.72420557081208,13.652412710867006,39.62338171832091,40.4149377593361,9.377593360995851,50.20746887966805,28.303545268092588,22.092001171989452,49.604453559917964
2016-09-19,44.361370716510905,10.15576323987539,45.482866043613704,36.005299768135146,13.150049685326268,50.84465054653859,41.212310576472426,8.842368379940634,49.94532104358694,25.208560029017047,33.859267319550234,40.932172651432715
2016-09-20,46.816283924843425,7.907098121085595,45.27661795407098,41.89133139776027,12.56739941932808,45.541269182911655,41.02970297029703,10.554455445544555,48.415841584158414,29.65037338764426,17.905634758995248,52.44399185336049
2016-09-21,48.313863786643154,8.044963632356183,43.64117258100066,43.52007694157249,7.453714835296946,49.02620822313056,39.93942835510127,12.606473594548552,47.45409805035018,27.004152028106038,19.92973490897477,53.06611306291919
2016-09-22,44.20398009950249,10.621890547263682,45.17412935323383,43.963254593175854,10.039370078740157,45.99737532808399,40.923399790136415,5.047219307450157,54.02938090241343,28.21073893283959,18.296583066823768,53.492678000336646
2016-09-23,41.627715149848775,12.290349188891945,46.08193566125928,42.15573456079785,9.589566551591869,48.25469888761028,39.57199174019148,7.0583818284212505,53.369626431387275,27.960140679953106,17.682688550214927,54.35717076983197
2016-09-24,46.35509573076466,10.369841836127959,43.27506243310739,55.02392344497608,4.520271971795517,40.45580458322841,46.8193778052933,6.4541092710106795,46.72651292369602,33.94131641554322,12.595823420565688,53.462860163891094
2016-09-25,46.69957944779667,8.11848601206802,45.18193454013531,42.0378904249872,6.1955965181771635,51.766513056835635,38.929577464788736,9.070422535211268,52.0,27.399474641341683,15.498080420286927,57.10244493837139
2016-09-26,44.997016112989854,6.902725283469266,48.10025860354088,42.48194353250164,11.884438608010505,45.633617859487856,41.41521461963451,8.000424989375265,50.58436039099023,27.02667869570821,13.236241783735018,59.737079520556776
2016-09-27,44.03357985208875,11.11333200079952,44.853088147111734,41.600970285021226,13.887204366282596,44.51182534869618,40.81688223281144,11.572498298162015,47.610619469026545,29.39332183727857,14.061765166954068,56.54491299576736
2016-09-28,44.90912644127418,9.165526675786595,45.92534688293922,45.283018867924525,9.713487071977639,45.003494060097836,44.390084801043706,9.67058056099152,45.93933463796478,30.45517720639333,15.027797081306463,54.51702571230021
2016-09-29,46.8232044198895,9.141135107985937,44.03566047212456,42.918088737201366,9.641638225255972,47.44027303754266,42.2360248447205,8.780903665814153,48.98307148946535,39.02242513763932,18.584664965758023,42.39290989660266
2016-09-30,45.624450307827615,10.026385224274406,44.34916446789798,42.99835255354201,8.731466227347612,48.27018121911038,40.501288357929255,6.968845162801593,52.52986647926915,32.16696269982238,18.543516873889875,49.289520426287744
