Date,Positive_nlikes,Positive_nreplies,Positive_nretweets,Negative_nlikes,Negative_nreplies,Negative_nretweets,Neutral_nlikes,Neutral_nreplies,Neutral_nretweets,Total_Positive,Total_Negative,Total_Neutral
2019-10-01,2614,211,840,2155,133,894,223,25,70,3665,3182,318
2019-10-02,2204,413,768,2037,189,813,264,33,60,3385,3039,357
2019-10-03,7640,764,2262,1021,141,404,534,96,249,10666,1566,879
2019-10-04,2431,328,841,1447,128,478,1000,47,137,3600,2053,1184
2019-10-05,1714,186,613,1106,101,558,285,44,110,2513,1765,439
2019-10-06,3866,336,1349,1159,139,451,1696,194,804,5551,1749,2694
2019-10-07,3162,304,1108,2150,254,864,945,81,473,4574,3268,1499
2019-10-08,4281,358,1709,947,184,308,253,41,65,6348,1439,359
2019-10-09,2008,257,790,3273,239,1195,424,52,159,3055,4707,635
2019-10-10,2034,248,864,8907,456,2010,169,41,64,3146,11373,274
2019-10-11,2071,159,858,1764,195,353,1287,88,814,3088,2312,2189
2019-10-12,2114,257,1087,368,68,124,338,58,153,3458,560,549
2019-10-13,3188,347,1338,872,107,271,244,32,82,4873,1250,358
2019-10-14,1601,183,649,634,80,243,1510,61,734,2433,957,2305
2019-10-15,5205,587,1931,7124,559,2310,389,40,75,7723,9993,504
2019-10-16,2105,384,817,1365,103,385,287,28,69,3306,1853,384
2019-10-17,2988,402,1161,1826,187,522,755,63,296,4551,2535,1114
2019-10-18,2800,339,1144,2036,222,675,1126,82,277,4283,2933,1485
2019-10-19,2704,344,725,949,176,307,288,65,71,3773,1432,424
2019-10-20,4388,360,1719,2305,209,805,286,42,50,6467,3319,378
2019-10-21,10052,627,5734,3389,229,1398,276,61,66,16413,5016,403
2019-10-22,15615,1839,4966,2900,394,1513,195,46,54,22420,4807,295
2019-10-23,5914,544,2353,2024,181,554,267,52,77,8811,2759,396
2019-10-24,22424,2404,6765,2877,322,1065,572,44,276,31593,4264,892
2019-10-25,8137,543,3511,2072,349,800,457,71,136,12191,3221,664
2019-10-26,2703,277,1243,849,139,368,358,50,164,4223,1356,572
2019-10-27,5660,563,1909,754,103,268,316,30,117,8132,1125,463
2019-10-28,6370,754,2352,1476,231,460,227,38,50,9476,2167,315
2019-10-29,26759,4606,17248,13073,2360,3314,819,85,347,48613,18747,1251
2019-10-30,18664,2080,9480,5088,386,2113,317,55,90,30224,7587,462
2019-10-31,10546,1820,4440,3196,410,1926,265,35,93,16806,5532,393
2019-11-01,7740,1080,3648,7780,558,2930,1958,210,1445,12468,11268,3613
2019-11-02,3949,670,1673,745,184,302,756,88,413,6292,1231,1257
2019-11-03,5452,846,2252,1313,154,673,130,36,32,8550,2140,198
2019-11-04,8290,685,3993,3162,179,1529,5229,171,1687,12968,4870,7087
2019-11-05,5052,491,2235,2666,176,1131,561,53,120,7778,3973,734
2019-11-06,7182,690,3545,2723,214,998,383,53,172,11417,3935,608
2019-11-07,14285,866,9449,1575,184,1085,751,84,518,24600,2844,1353
2019-11-08,9159,2460,4004,10262,687,2723,362,79,154,15623,13672,595
2019-11-09,9048,710,4415,3283,174,2233,317,60,249,14173,5690,626
2019-11-10,6495,386,2509,1164,101,372,159,37,69,9390,1637,265
2019-11-11,13897,1653,4931,3649,266,1568,1031,92,452,20481,5483,1575
2019-11-12,5845,585,2566,6379,372,2091,1723,112,936,8996,8842,2771
2019-11-13,14068,1002,7104,1824,168,717,2723,178,885,22174,2709,3786
2019-11-14,13599,1661,5666,7435,694,3528,2719,832,1367,20926,11657,4918
2019-11-15,6944,1007,2767,3022,375,1052,1380,254,567,10718,4449,2201
2019-11-16,4705,688,2013,4968,557,1764,1705,324,666,7406,7289,2695
2019-11-17,16640,1001,7013,29179,2789,27933,13775,2060,4122,24654,59901,19957
2019-11-18,16920,1311,7649,3501,494,1306,7675,652,6311,25880,5301,14638
2019-11-19,33914,2056,14774,4055,383,2159,3697,437,1614,50744,6597,5748
2019-11-20,9698,1056,5802,3530,442,1513,1514,242,1023,16556,5485,2779
2019-11-21,7331,1523,2587,2693,333,870,2120,312,845,11441,3896,3277
2019-11-22,7915,896,3117,3636,332,1889,2009,260,845,11928,5857,3114
2019-11-23,8678,801,5091,3302,406,2173,2551,302,1401,14570,5881,4254
2019-11-24,5226,692,2594,3554,584,1200,2505,432,918,8512,5338,3855
2019-11-25,9820,1654,4302,3602,412,1654,6407,718,2292,15776,5668,9417
2019-11-26,8099,872,4001,2448,411,1120,1080,278,468,12972,3979,1826
2019-11-27,10620,1204,3250,4650,511,2264,1649,248,545,15074,7425,2442
2019-11-28,10236,1136,3977,4060,576,1812,4713,642,1859,15349,6448,7214
2019-11-29,5633,746,2032,3268,379,1261,6259,456,1460,8411,4908,8175
2019-11-30,5727,616,2352,5427,300,2166,2539,185,563,8695,7893,3287
2019-12-01,6799,768,2762,2525,398,1070,1837,381,620,10329,3993,2838
2019-12-02,9669,961,4716,4378,444,1679,1843,371,940,15346,6501,3154
2019-12-03,21718,2422,5307,2947,375,1133,901,205,408,29447,4455,1514
2019-12-04,6218,714,2302,1296,248,396,1444,192,464,9234,1940,2100
2019-12-05,6203,1245,4025,3004,455,1856,3202,488,1455,11473,5315,5145
2019-12-06,6287,778,3280,1712,289,684,1226,282,635,10345,2685,2143
2019-12-07,4751,685,1598,1839,268,770,4752,3922,1737,7034,2877,10411
2019-12-08,14815,1374,5673,12264,968,5314,2624,442,952,21862,18546,4018
2019-12-09,11476,1170,5992,7320,807,2751,3935,521,1548,18638,10878,6004
2019-12-10,14020,1498,7298,32775,9290,12591,2164,434,774,22816,54656,3372
2019-12-11,57078,4958,19611,7431,773,2570,4598,605,1589,81647,10774,6792
2019-12-12,147717,9847,45807,32712,1534,9764,8606,845,2620,203371,44010,12071
2019-12-13,371806,33378,94192,107545,11651,28171,171015,14342,43670,499376,147367,229027
2019-12-14,85075,8414,22357,15712,1684,5959,23019,2174,6153,115846,23355,31346
2019-12-15,44281,6158,12756,11724,1455,3626,6158,850,1952,63195,16805,8960
2019-12-16,25067,3922,7942,9288,1277,3826,8854,1829,2554,36931,14391,13237
2019-12-17,28487,2199,10438,3267,472,1266,8629,1065,3178,41124,5005,12872
2019-12-18,19749,1742,5399,3542,501,1257,22618,923,5926,26890,5300,29467
2019-12-19,9535,1541,3347,5240,512,1589,2598,354,1169,14423,7341,4121
2019-12-20,44016,2642,14346,6575,585,2472,1492,269,561,61004,9632,2322
2019-12-21,3645,524,1505,2012,259,652,1140,316,367,5674,2923,1823
2019-12-22,8600,733,3057,19238,933,6506,4846,841,1250,12390,26677,6937
2019-12-23,4865,472,2394,8294,1058,1850,1067,152,427,7731,11202,1646
2019-12-24,2460,288,497,874,154,304,771,84,334,3245,1332,1189
2019-12-25,1701,679,1002,1642,169,630,408,65,66,3382,2441,539
2019-12-26,1819,244,585,3741,144,1000,487,63,188,2648,4885,738
2019-12-27,4777,413,1965,2101,223,952,769,108,287,7155,3276,1164
2019-12-28,2363,391,907,969,142,332,1106,236,381,3661,1443,1723
2019-12-29,2583,337,868,1101,338,234,1228,126,383,3788,1673,1737
2019-12-30,7820,841,1781,1956,446,1222,713,105,199,10442,3624,1017
2019-12-31,16293,681,6040,3551,292,1001,438,110,138,23014,4844,686
2020-01-01,4540,500,2245,6788,550,2059,838,153,314,7285,9397,1305
2020-01-02,2561,366,877,2190,252,1060,849,207,391,3804,3502,1447
2020-01-03,2955,739,994,990,138,347,1399,100,364,4688,1475,1863
2020-01-04,4347,604,900,1909,195,1124,897,124,269,5851,3228,1290
2020-01-05,2400,324,682,2438,452,857,753,141,305,3406,3747,1199
2020-01-06,6347,706,3008,11426,632,6740,424,81,148,10061,18798,653
2020-01-07,5301,541,2078,758,162,220,8297,242,6908,7920,1140,15447
2020-01-08,11504,964,3788,2553,279,1012,1009,109,694,16256,3844,1812
2020-01-09,5604,1143,1567,2992,333,1040,1928,154,686,8314,4365,2768
2020-01-10,10000,921,3969,720,131,180,647,102,308,14890,1031,1057
2020-01-11,7971,829,2114,2899,290,1950,6595,281,8760,10914,5139,15636
2020-01-12,21336,1973,5609,2741,225,2017,4102,221,4656,28918,4983,8979
2020-01-13,7312,1604,5284,3873,276,2651,833,69,332,14200,6800,1234
2020-01-14,6491,619,2521,3213,307,1146,1906,184,999,9631,4666,3089
2020-01-15,6785,890,3327,1835,221,713,2574,276,787,11002,2769,3637
2020-01-16,4205,554,2303,1890,224,431,914,128,348,7062,2545,1390
2020-01-17,9608,509,8215,2547,203,2587,1437,114,737,18332,5337,2288
2020-01-18,8491,520,5814,2650,439,1186,7674,352,3903,14825,4275,11929
2020-01-19,2427,353,706,389,85,89,365,67,163,3486,563,595
2020-01-20,2483,369,870,2691,186,970,2208,150,1338,3722,3847,3696
2020-01-21,2876,283,867,3935,271,2326,912,122,252,4026,6532,1286
2020-01-22,7210,670,2965,1013,130,334,522,133,166,10845,1477,821
2020-01-23,4999,435,1995,1748,172,622,1306,107,444,7429,2542,1857
2020-01-24,7427,489,3851,6692,1257,2389,3926,1799,1046,11767,10338,6771
2020-01-25,10969,643,2922,2564,256,883,380,67,304,14534,3703,751
2020-01-26,14522,2269,5110,1846,180,643,2492,184,733,21901,2669,3409
2020-01-27,3849,407,2314,5591,346,1685,1383,139,1057,6570,7622,2579
2020-01-28,6641,572,4317,9908,616,4774,1821,130,1270,11530,15298,3221
2020-01-29,4098,1159,1108,2464,248,814,1020,179,267,6365,3526,1466
2020-01-30,3124,435,1263,7063,464,7802,1205,136,1020,4822,15329,2361
2020-01-31,17301,1540,5926,3001,434,675,2160,423,484,24767,4110,3067
2020-02-01,4578,955,1582,9248,401,4512,1205,202,702,7115,14161,2109
2020-02-02,12431,801,3338,4037,260,2498,497,94,156,16570,6795,747
2020-02-03,4218,440,1116,5796,322,2297,735,88,210,5774,8415,1033
2020-02-04,7270,584,2018,4762,272,1882,2954,158,3809,9872,6916,6921
2020-02-05,6363,546,3668,2985,217,2321,2337,157,1484,10577,5523,3978
2020-02-06,3199,370,1118,3405,500,1390,3247,157,3361,4687,5295,6765
2020-02-07,4533,423,2439,3080,234,1405,2030,106,2140,7395,4719,4276
2020-02-08,7648,908,2103,1611,196,679,2798,210,2440,10659,2486,5448
2020-02-09,12575,628,5909,7682,559,1627,1505,182,630,19112,9868,2317
2020-02-10,11673,1339,3793,3144,376,685,3458,434,1908,16805,4205,5800
2020-02-11,8973,884,3913,3947,379,1587,783,150,223,13770,5913,1156
2020-02-12,11290,1074,3836,3411,497,1437,2700,372,3334,16200,5345,6406
2020-02-13,15172,2104,3467,1649,246,422,4727,320,2529,20743,2317,7576
2020-02-14,5719,464,2576,2493,256,1092,2317,175,1959,8759,3841,4451
2020-02-15,3416,408,1765,5691,339,926,3282,136,2998,5589,6956,6416
2020-02-16,6261,615,2358,6396,1347,2552,4635,262,4790,9234,10295,9687
2020-02-17,5178,457,3911,5097,390,1958,1148,173,431,9546,7445,1752
2020-02-18,9064,869,2209,3019,407,1015,1173,165,481,12142,4441,1819
2020-02-19,7078,865,3029,1757,232,565,11556,1397,4499,10972,2554,17452
2020-02-20,11194,1622,3573,1906,248,610,8889,685,2792,16389,2764,12366
2020-02-21,4457,603,1474,2694,313,1270,6284,549,4928,6534,4277,11761
2020-02-22,5730,731,2129,2311,238,1082,1144,129,722,8590,3631,1995
2020-02-23,6076,709,1323,10823,468,3028,5878,255,4695,8108,14319,10828
2020-02-24,6442,752,2201,3631,342,1573,2344,186,1429,9395,5546,3959
2020-02-25,8631,2491,2955,3429,338,1063,4288,666,3682,14077,4830,8636
2020-02-26,6296,523,2394,7043,431,3173,8975,543,3433,9213,10647,12951
2020-02-27,24611,4235,8868,6651,682,3040,4523,1679,1434,37714,10373,7636
2020-02-28,5002,621,2413,2934,323,1135,3227,396,2355,8036,4392,5978
2020-02-29,8509,1220,3356,3504,321,1488,7086,509,5958,13085,5313,13553
2020-03-01,7294,1281,2561,4994,493,1992,8830,677,4708,11136,7479,14215
2020-03-02,7734,1019,3318,6905,678,3200,3304,312,1873,12071,10783,5489
2020-03-03,8825,1266,3538,10842,1366,3905,2846,535,939,13629,16113,4320
2020-03-04,18733,1465,6953,4928,632,1508,7423,639,4364,27151,7068,12426
2020-03-05,11471,861,3364,6318,788,2070,2986,552,1151,15696,9176,4689
2020-03-06,4448,675,1255,2912,349,958,6837,482,4825,6378,4219,12144
2020-03-07,6416,625,1966,2742,282,1683,3680,314,2134,9007,4707,6128
2020-03-08,6463,607,2812,5832,498,2003,7878,348,7617,9882,8333,15843
2020-03-09,14504,1204,5657,5843,477,3032,3485,440,2017,21365,9352,5942
2020-03-10,21343,3047,10590,18454,1076,8713,5546,600,3015,34980,28243,9161
2020-03-11,20245,2160,8761,7476,855,2800,11371,1172,3931,31166,11131,16474
2020-03-12,22450,2056,7952,19321,2084,5850,18252,1880,6605,32458,27255,26737
2020-03-13,17516,1630,5840,4691,510,1941,15338,845,7182,24986,7142,23365
2020-03-14,15356,1101,4997,3751,586,1376,9285,3699,4060,21454,5713,17044
2020-03-15,24356,1295,10288,8267,645,3512,4579,475,1187,35939,12424,6241
2020-03-16,9955,1242,3054,14483,2667,4261,4894,578,1819,14251,21411,7291
2020-03-17,7624,1231,3690,15636,835,4908,5620,651,2231,12545,21379,8502
2020-03-18,17606,1496,6528,9724,1580,4446,6141,609,2209,25630,15750,8959
2020-03-19,6899,868,1958,3209,418,1319,8600,455,2073,9725,4946,11128
2020-03-20,9762,984,2902,20351,1037,7166,9030,793,3446,13648,28554,13269
2020-03-21,10891,800,3078,19534,917,7062,2194,260,963,14769,27513,3417
2020-03-22,4180,507,1022,2949,511,1045,7947,1453,2758,5709,4505,12158
2020-03-23,33310,1632,9282,10602,775,3755,19882,1666,6461,44224,15132,28009
2020-03-24,6293,1580,2545,5699,405,3022,4441,568,2587,10418,9126,7596
2020-03-25,22424,2114,5238,3076,371,1009,3005,407,1309,29776,4456,4721
2020-03-26,12202,1573,3787,3408,407,1251,6658,3973,3210,17562,5066,13841
2020-03-27,131171,9767,57765,48919,1723,15406,12008,1220,3747,198703,66048,16975
2020-03-28,28796,1803,9332,4868,1268,1312,2693,616,1023,39931,7448,4332
2020-03-29,23836,2228,8889,2404,367,701,4689,1609,1722,34953,3472,8020
2020-03-30,13502,1793,4270,6247,801,2911,3239,691,1592,19565,9959,5522
2020-03-31,8671,1673,3664,5919,433,3629,3733,817,1805,14008,9981,6355
2020-04-01,19017,1021,6792,6020,681,1925,3307,536,1699,26830,8626,5542
2020-04-02,12162,1386,3655,7484,1256,2540,4017,519,1726,17203,11280,6262
2020-04-03,13163,1340,4656,3813,658,1501,5309,590,2198,19159,5972,8097
2020-04-04,31945,3507,10857,6673,1171,1957,4775,762,1231,46309,9801,6768
2020-04-05,46216,4793,20407,7101,1036,2463,16599,1917,8281,71416,10600,26797
2020-04-06,42136,3388,8474,23704,2276,6041,167994,12225,57919,53998,32021,238138
2020-04-07,26443,2870,6856,37204,1503,6079,31675,3007,8717,36169,44786,43399
2020-04-08,17026,1393,4915,18476,2023,6512,11598,1601,2854,23334,27011,16053
2020-04-09,36673,2213,9212,13232,752,2770,33044,1497,5631,48098,16754,40172
2020-04-10,7578,1086,2353,16321,1392,7562,9697,692,2433,11017,25275,12822
2020-04-11,15431,1317,5747,6331,959,1997,6498,537,3123,22495,9287,10158
2020-04-12,17725,2391,4718,16077,1333,5578,29799,1615,7135,24834,22988,38549
2020-04-13,40432,2366,8635,14212,1346,4211,10153,879,2761,51433,19769,13793
2020-04-14,14504,1226,5247,15169,922,4200,3217,447,1492,20977,20291,5156
2020-04-15,32533,6625,12115,31396,2109,11076,11606,1164,6267,51273,44581,19037
2020-04-16,15602,1507,6127,12786,1757,3563,6175,698,2932,23236,18106,9805
2020-04-17,19579,1293,7698,7150,957,3990,6243,522,2492,28570,12097,9257
2020-04-18,10633,1494,3371,5068,695,1412,5137,833,1542,15498,7175,7512
2020-04-19,10904,1169,3211,18212,1225,5254,5652,907,2057,15284,24691,8616
2020-04-20,9223,1325,2801,3193,412,1101,2576,324,1105,13349,4706,4005
2020-04-21,6182,1089,2907,9254,787,3861,5935,541,2684,10178,13902,9160
2020-04-22,10203,1225,3948,67063,2950,21069,7448,1067,1935,15376,91082,10450
2020-04-23,16895,1124,6650,7839,709,4563,3923,456,1782,24669,13111,6161
2020-04-24,12211,1522,3924,6340,622,2100,3003,360,1267,17657,9062,4630
2020-04-25,12912,913,5008,3268,411,1336,8448,566,2652,18833,5015,11666
2020-04-26,5907,1184,1917,8395,611,3307,11115,1148,3307,9008,12313,15570
2020-04-27,12909,2065,3716,6173,659,1795,9435,926,2760,18690,8627,13121
2020-04-28,13019,1357,4490,15432,1441,5095,3460,486,1039,18866,21968,4985
2020-04-29,14670,1631,5561,19737,4417,5993,17606,2477,4232,21862,30147,24315
2020-04-30,5336,820,2228,8716,1273,2941,7958,978,2226,8384,12930,11162
2020-05-01,8355,892,3221,20753,4367,6346,7123,707,2580,12468,31466,10410
2020-05-02,11188,1388,3382,7955,768,2479,14443,1751,3104,15958,11202,19298
2020-05-03,10270,1090,3719,7130,834,2668,3163,1823,2587,15079,10632,7573
2020-05-04,10109,3032,2800,7608,611,2271,5023,980,2257,15941,10490,8260
2020-05-05,8418,1942,3998,5258,592,2004,6030,1126,1994,14358,7854,9150
2020-05-06,12093,1762,3125,9100,964,2543,4548,599,1603,16980,12607,6750
2020-05-07,13605,1982,4723,4264,651,1316,7674,790,2561,20310,6231,11025
2020-05-08,22917,1302,4455,4967,615,1668,4016,481,1562,28674,7250,6059
2020-05-09,6906,1066,1910,5108,574,1663,4778,420,1713,9882,7345,6911
2020-05-10,54008,5335,11157,18049,2504,4886,10388,1551,2737,70500,25439,14676
2020-05-11,36215,4352,7086,13719,1239,4931,20988,3113,6204,47653,19889,30305
2020-05-12,16653,1411,5915,10720,1102,3248,2883,511,1015,23979,15070,4409
2020-05-13,11556,1272,3397,33659,1193,10269,12402,983,3797,16225,45121,17182
2020-05-14,8553,1097,2722,5217,672,2041,6542,601,2917,12372,7930,10060
2020-05-15,16343,1739,6021,7247,1254,3365,3710,660,2007,24103,11866,6377
2020-05-16,14826,1844,7534,9245,715,3514,6609,3828,2164,24204,13474,12601
2020-05-17,14510,1482,4723,13868,2030,5799,7366,1470,2246,20715,21697,11082
2020-05-18,21750,1856,7142,8726,923,3492,4737,516,1673,30748,13141,6926
2020-05-19,14666,1608,4459,9381,940,3391,10564,2931,3459,20733,13712,16954
2020-05-20,23777,2171,7383,10389,892,3030,5054,736,2776,33331,14311,8566
2020-05-21,14706,1580,5747,10237,939,3956,8687,622,3357,22033,15132,12666
2020-05-22,11852,1217,4740,9962,1233,2929,18334,1194,8667,17809,14124,28195
2020-05-23,37355,1865,8543,11085,1110,3444,11377,837,4482,47763,15639,16696
2020-05-24,36911,2841,7806,25166,1708,7311,17397,1398,6408,47558,34185,25203
2020-05-25,23367,3927,6209,309578,20572,46412,12438,1565,5723,33503,376562,19726
2020-05-26,24411,1914,6563,17920,2722,5187,9686,941,4525,32888,25829,15152
2020-05-27,27446,1996,8361,14529,1603,5750,9860,1626,3612,37803,21882,15098
2020-05-28,22299,1650,7261,15374,1747,6831,50690,4081,17388,31210,23952,72159
2020-05-29,20890,1431,7017,9407,833,3779,14571,1317,4782,29338,14019,20670
2020-05-30,16750,1328,5371,10166,1062,3864,7893,700,5604,23449,15092,14197
2020-05-31,21219,1742,8167,10549,897,4165,9369,1697,4082,31128,15611,15148
2020-06-01,25020,1392,9126,12636,1017,5742,19918,1311,7451,35538,19395,28680
2020-06-02,15284,1761,5692,34760,2693,11481,16472,1823,8992,22737,48934,27287
2020-06-03,50442,3728,15530,18953,2033,6775,29840,2930,15217,69700,27761,47987
2020-06-04,30030,2217,7859,15759,1518,5938,9330,1073,4769,40106,23215,15172
2020-06-05,19183,2071,6815,23237,2181,9306,8717,868,4026,28069,34724,13611
2020-06-06,19351,1898,8900,7608,929,2375,10334,760,5453,30149,10912,16547
2020-06-07,17348,1786,6323,18105,1374,6400,5912,1096,3189,25457,25879,10197
2020-06-08,34163,2792,11005,11235,1552,4010,9332,992,5367,47960,16797,15691
2020-06-09,31086,4098,10875,42487,3468,17007,41494,5952,10940,46059,62962,58386
2020-06-10,17454,2084,7213,14114,1128,6933,10397,1039,7264,26751,22175,18700
2020-06-11,16882,2478,7447,43900,2860,12772,6887,1160,3675,26807,59532,11722
2020-06-12,40466,3292,11224,10861,1241,3992,12065,1094,4576,54982,16094,17735
2020-06-13,19673,2030,7745,17435,1570,6309,11726,2689,5201,29448,25314,19616
2020-06-14,21583,1700,14480,9007,1283,3957,11160,885,7769,37763,14247,19814
2020-06-15,47573,4356,9742,18061,1234,8339,16312,1766,6714,61671,27634,24792
2020-06-16,61970,4935,14949,18106,1462,6611,22385,986,9556,81854,26179,32927
2020-06-17,35165,5943,11706,9982,1005,4117,12642,1661,6180,52814,15104,20483
2020-06-18,17781,1987,8255,15372,1215,5205,10050,1204,5765,28023,21792,17019
2020-06-19,47370,2471,17963,9563,939,3977,13631,1151,5550,67804,14479,20332
2020-06-20,29576,2270,16295,8849,847,3229,7816,838,4583,48141,12925,13237
2020-06-21,18170,1592,5265,9460,1335,3000,19309,873,7987,25027,13795,28169
2020-06-22,15259,1612,6671,23888,1879,8512,13894,751,6998,23542,34279,21643
2020-06-23,37018,2108,9413,16787,4464,6875,7026,690,5023,48539,28126,12739
2020-06-24,23879,2147,9084,6133,807,2946,8850,1800,5360,35110,9886,16010
2020-06-25,13789,2273,4224,15681,1187,5222,11464,1836,4062,20286,22090,17362
2020-06-26,23803,2863,7878,8371,1092,3457,5594,874,2364,34544,12920,8832
2020-06-27,14443,1560,8835,34321,1697,12588,8307,759,3373,24838,48606,12439
2020-06-28,41804,3341,14531,12187,1307,4592,10714,1137,5861,59676,18086,17712
2020-06-29,31573,2188,11314,12341,1218,3982,13672,1310,5769,45075,17541,20751
2020-06-30,26006,2754,8361,14376,1311,4683,14778,1521,5930,37121,20370,22229
2020-07-01,23505,2754,8667,14511,2166,5180,12364,2555,5292,34926,21857,20211
2020-07-02,17394,2476,7854,16734,1131,5358,9552,1294,3782,27724,23223,14628
2020-07-03,19932,2171,9661,11805,1519,4827,12885,1106,5546,31764,18151,19537
2020-07-04,10935,1023,5262,12681,1108,4142,4843,799,2277,17220,17931,7919
2020-07-05,13886,2093,4987,10696,937,4954,9717,1161,3743,20966,16587,14621
2020-07-06,16260,1471,5173,7437,821,3692,5982,656,2845,22904,11950,9483
2020-07-07,19752,2001,6846,11931,944,3852,10211,1080,5249,28599,16727,16540
2020-07-08,20848,2028,7183,15844,1438,5411,9907,1154,4596,30059,22693,15657
2020-07-09,14020,1404,4729,17960,1431,6783,12126,834,5516,20153,26174,18476
2020-07-10,18072,1521,7170,9724,1178,3640,11540,1194,3274,26763,14542,16008
2020-07-11,11687,1106,4724,3413,604,1111,5932,799,2814,17517,5128,9545
2020-07-12,17708,1336,5812,8992,904,3386,5479,649,3151,24856,13282,9279
2020-07-13,17488,2348,9857,8808,965,2770,7963,1092,4100,29693,12543,13155
2020-07-14,15497,1709,5160,8751,887,3105,10493,1171,5077,22366,12743,16741
2020-07-15,16738,2012,6566,29161,1483,9723,14606,2033,5176,25316,40367,21815
2020-07-16,50704,8649,23130,25351,2400,11876,22419,2322,10752,82483,39627,35493
2020-07-17,22138,2225,8362,9114,949,3201,20062,1451,6475,32725,13264,27988
2020-07-18,10154,1416,3346,19470,977,8928,4419,480,1922,14916,29375,6821
2020-07-19,10593,1487,3491,10503,1002,3796,8496,747,3035,15571,15301,12278
2020-07-20,15102,1643,7383,10939,1267,4969,5960,666,2992,24128,17175,9618
2020-07-21,56918,4608,19261,41201,2719,19647,31016,2851,14005,80787,63567,47872
2020-07-22,31570,3942,12631,17796,2178,5725,10162,1650,4259,48143,25699,16071
2020-07-23,24697,4077,8984,17645,2093,5398,45495,4351,18007,37758,25136,67853
2020-07-24,20635,2183,8437,7973,1021,3632,7561,1223,3211,31255,12626,11995
2020-07-25,10536,1295,5237,10706,1410,3968,7308,843,4418,17068,16084,12569
2020-07-26,15937,2081,4670,8543,1159,2654,6736,1216,2811,22688,12356,10763
2020-07-27,9550,1443,3848,6913,1256,2866,8981,1301,4927,14841,11035,15209
2020-07-28,12169,1395,5945,7072,667,2672,17341,2511,6964,19509,10411,26816
2020-07-29,9461,1074,3581,12089,994,4570,7940,730,3608,14116,17653,12278
2020-07-30,18488,2775,5606,22475,1442,10458,7910,1009,4240,26869,34375,13159
2020-07-31,22273,2558,8567,14369,1264,6884,20943,1594,7642,33398,22517,30179
2020-08-01,9090,955,3258,15210,882,6936,19522,1712,6753,13303,23028,27987
2020-08-02,6864,1085,3042,10229,1694,3507,3562,437,1650,10991,15430,5649
2020-08-03,15585,1312,6982,7543,899,3724,12936,1010,10357,23879,12166,24303
2020-08-04,8043,1091,3422,20466,999,5570,13913,1193,4598,12556,27035,19704
2020-08-05,12001,1346,5257,4871,821,1707,6413,749,1991,18604,7399,9153
2020-08-06,17607,2592,6327,16822,2195,5853,5802,1069,2168,26526,24870,9039
2020-08-07,42206,3331,13829,15932,1576,5437,23190,3115,9042,59366,22945,35347
2020-08-08,30836,2781,9305,12553,1429,3814,9387,1241,3362,42922,17796,13990
2020-08-09,17202,1934,6059,22863,1475,7728,34223,832,6705,25195,32066,41760
2020-08-10,21446,4301,6009,26492,2513,9496,11532,1541,4363,31756,38501,17436
2020-08-11,13322,2573,4590,19139,1795,6767,11174,1482,4672,20485,27701,17328
2020-08-12,32591,3669,10289,49148,3951,14050,15627,2276,5591,46549,67149,23494
2020-08-13,22490,2986,8499,14141,1876,4963,13655,2371,6941,33975,20980,22967
2020-08-14,20001,1913,6859,12645,1366,4082,65349,1472,11060,28773,18093,77881
2020-08-15,25036,2507,7293,9817,1273,3641,7292,804,4526,34836,14731,12622
2020-08-16,18089,2136,5656,13060,1545,4911,11916,1507,4685,25881,19516,18108
2020-08-17,30852,2385,9187,27880,3047,9703,12274,1760,5086,42424,40630,19120
2020-08-18,17632,1914,5470,17705,1794,5470,11958,1202,5799,25016,24969,18959
2020-08-19,32318,3149,9351,18651,2487,6287,13653,1602,6107,44818,27425,21362
2020-08-20,25183,2675,7971,18678,1675,7999,14189,1931,5300,35829,28352,21420
2020-08-21,28171,3318,8717,21529,2645,8143,17676,3051,7272,40206,32317,27999
2020-08-22,27838,2322,10134,26153,1583,6522,12082,1095,4272,40294,34258,17449
2020-08-23,27664,3534,9054,13165,1336,5182,8888,1966,5156,40252,19683,16010
2020-08-24,23722,2525,7788,23430,2079,9331,11679,1381,7006,34035,34840,20066
2020-08-25,34589,2524,9942,17873,2340,5399,8724,1256,3284,47055,25612,13264
2020-08-26,21261,2934,7869,12107,1856,5524,17600,2176,8058,32064,19487,27834
2020-08-27,18688,2293,6321,13945,4614,4528,11625,1243,5013,27302,23087,17881
2020-08-28,22202,3139,8827,16210,1449,5925,9847,1416,3993,34168,23584,15256
2020-08-29,15041,1715,5391,10214,1031,4248,6608,912,3468,22147,15493,10988
2020-08-30,20564,2584,6948,19658,2283,5685,7215,950,2573,30096,27626,10738
2020-08-31,16927,1617,6241,16159,1592,5826,7623,1100,3201,24785,23577,11924
2020-09-01,41173,4332,8857,17313,2288,7543,15702,1723,8176,54362,27144,25601
2020-09-02,40803,4171,13554,48584,8018,14129,35843,3414,12842,58528,70731,52099
2020-09-03,78902,8984,37097,50043,5047,16979,31363,4459,11442,124983,72069,47264
2020-09-04,52162,6458,15614,30832,3750,10734,33823,4524,12866,74234,45316,51213
2020-09-05,56096,3981,21621,41754,3738,16702,33027,2236,17781,81698,62194,53044
2020-09-06,110503,10102,37914,52603,4467,20459,42698,5112,17299,158519,77529,65109
2020-09-07,92453,10678,31621,57351,6194,19516,43417,5510,15970,134752,83061,64897
2020-09-08,206708,12484,67691,132905,6092,31221,77728,5088,25839,286883,170218,108655
2020-09-09,105511,11846,38496,126284,9359,36865,63597,6007,23442,155853,172508,93046
2020-09-10,90001,14025,31239,73178,6438,23789,54406,5926,18630,135265,103405,78962
2020-09-11,103532,10869,32552,43564,4208,13279,82068,9577,32117,146953,61051,123762
2020-09-12,117929,15803,36447,75739,4977,25185,47264,5095,17372,170179,105901,69731
2020-09-13,109383,12590,34182,68677,5491,23504,30555,3419,10574,156155,97672,44548
2020-09-14,146173,13228,43987,98777,11633,30175,89224,26368,29938,203388,140585,145530
2020-09-15,72239,6622,24245,95240,9124,30073,34488,9611,13548,103106,134437,57647
2020-09-16,100485,9705,37323,46871,4822,17989,57068,5025,22100,147513,69682,84193
2020-09-17,64709,6400,20458,57305,4589,19034,35028,4930,16296,91567,80928,56254
2020-09-18,93657,9299,31631,36035,2871,11109,42274,7329,16004,134587,50015,65607
2020-09-19,27917,3208,9624,26611,2589,9840,14964,2751,6356,40749,39040,24071
2020-09-20,56409,4339,24700,41785,2794,16945,41994,2575,18416,85448,61524,62985
2020-09-21,56026,6443,19769,63600,5759,22724,50028,4244,18760,82238,92083,73032
2020-09-22,72006,9901,23466,59775,4534,18293,41892,5092,20476,105373,82602,67460
2020-09-23,124233,7103,37805,55006,8402,17964,133950,5059,25078,169141,81372,164087
2020-09-24,46957,5199,18436,34204,2982,12633,31783,4383,15526,70592,49819,51692
2020-09-25,51176,5018,18038,21912,1866,8024,26616,2254,11590,74232,31802,40460
2020-09-26,37272,4398,14279,36208,3850,11926,22441,2942,9050,55949,51984,34433
2020-09-27,39460,4831,15277,24137,1989,7082,24866,1956,8212,59568,33208,35034
2020-09-28,44730,6054,17081,45998,3606,16757,53496,4386,15258,67865,66361,73140
2020-09-29,53671,20784,22380,45289,3999,17430,40513,3317,16911,96835,66718,60741
2020-09-30,77912,6078,25257,77942,5770,23860,33062,3612,12865,109247,107572,49539
